,,,,,,,,,,,,,,,,,,,,,,,,,,,,,,,,,,,,,,,,,,,,,,,,,,,,,,,,,,,,,,,,,,,,,,,,,,,,,,,,,,,,,,,,,,,,,,,,,,,,,,,,,,,,,,,,,,,,,,,,,,,,,,,,,,,,,,,,,,,,,,,,,,,,,,,,,,,,,,,,,,,,,,,,,,,,,,,,,,,,,,,,,,,,,,,,,,,,,,,,,
Theme: Economy & Prices,,,,,,,,,,,,,,,,,,,,,,,,,,,,,,,,,,,,,,,,,,,,,,,,,,,,,,,,,,,,,,,,,,,,,,,,,,,,,,,,,,,,,,,,,,,,,,,,,,,,,,,,,,,,,,,,,,,,,,,,,,,,,,,,,,,,,,,,,,,,,,,,,,,,,,,,,,,,,,,,,,,,,,,,,,,,,,,,,,,,,,,,,,,,,,,,,,,,,,,,,
Subject: National Accounts,,,,,,,,,,,,,,,,,,,,,,,,,,,,,,,,,,,,,,,,,,,,,,,,,,,,,,,,,,,,,,,,,,,,,,,,,,,,,,,,,,,,,,,,,,,,,,,,,,,,,,,,,,,,,,,,,,,,,,,,,,,,,,,,,,,,,,,,,,,,,,,,,,,,,,,,,,,,,,,,,,,,,,,,,,,,,,,,,,,,,,,,,,,,,,,,,,,,,,,,,
Topic: Gross Domestic Product (GDP),,,,,,,,,,,,,,,,,,,,,,,,,,,,,,,,,,,,,,,,,,,,,,,,,,,,,,,,,,,,,,,,,,,,,,,,,,,,,,,,,,,,,,,,,,,,,,,,,,,,,,,,,,,,,,,,,,,,,,,,,,,,,,,,,,,,,,,,,,,,,,,,,,,,,,,,,,,,,,,,,,,,,,,,,,,,,,,,,,,,,,,,,,,,,,,,,,,,,,,,,
"Table Title: Gross Domestic Product At Current Prices, By Industry (SSIC 2020), Quarterly",,,,,,,,,,,,,,,,,,,,,,,,,,,,,,,,,,,,,,,,,,,,,,,,,,,,,,,,,,,,,,,,,,,,,,,,,,,,,,,,,,,,,,,,,,,,,,,,,,,,,,,,,,,,,,,,,,,,,,,,,,,,,,,,,,,,,,,,,,,,,,,,,,,,,,,,,,,,,,,,,,,,,,,,,,,,,,,,,,,,,,,,,,,,,,,,,,,,,,,,,
,,,,,,,,,,,,,,,,,,,,,,,,,,,,,,,,,,,,,,,,,,,,,,,,,,,,,,,,,,,,,,,,,,,,,,,,,,,,,,,,,,,,,,,,,,,,,,,,,,,,,,,,,,,,,,,,,,,,,,,,,,,,,,,,,,,,,,,,,,,,,,,,,,,,,,,,,,,,,,,,,,,,,,,,,,,,,,,,,,,,,,,,,,,,,,,,,,,,,,,,,
Data last updated: 22/05/2025,,,,,,,,,,,,,,,,,,,,,,,,,,,,,,,,,,,,,,,,,,,,,,,,,,,,,,,,,,,,,,,,,,,,,,,,,,,,,,,,,,,,,,,,,,,,,,,,,,,,,,,,,,,,,,,,,,,,,,,,,,,,,,,,,,,,,,,,,,,,,,,,,,,,,,,,,,,,,,,,,,,,,,,,,,,,,,,,,,,,,,,,,,,,,,,,,,,,,,,,,
Source: SINGAPORE DEPARTMENT OF STATISTICS,,,,,,,,,,,,,,,,,,,,,,,,,,,,,,,,,,,,,,,,,,,,,,,,,,,,,,,,,,,,,,,,,,,,,,,,,,,,,,,,,,,,,,,,,,,,,,,,,,,,,,,,,,,,,,,,,,,,,,,,,,,,,,,,,,,,,,,,,,,,,,,,,,,,,,,,,,,,,,,,,,,,,,,,,,,,,,,,,,,,,,,,,,,,,,,,,,,,,,,,,
,,,,,,,,,,,,,,,,,,,,,,,,,,,,,,,,,,,,,,,,,,,,,,,,,,,,,,,,,,,,,,,,,,,,,,,,,,,,,,,,,,,,,,,,,,,,,,,,,,,,,,,,,,,,,,,,,,,,,,,,,,,,,,,,,,,,,,,,,,,,,,,,,,,,,,,,,,,,,,,,,,,,,,,,,,,,,,,,,,,,,,,,,,,,,,,,,,,,,,,,,
,,,,,,,,,,,,,,,,,,,,,,,,,,,,,,,,,,,,,,,,,,,,,,,,,,,,,,,,,,,,,,,,,,,,,,,,,,,,,,,,,,,,,,,,,,,,,,,,,,,,,,,,,,,,,,,,,,,,,,,,,,,,,,,,,,,,,,,,,,,,,,,,,,,,,,,,,,,,,,,,,,,,,,,,,,,,,,,,,,,,,,,,,,,,,,,,,,,,,,,,,Million Dollars
Data Series,2025 1Q ,2024 4Q ,2024 3Q ,2024 2Q ,2024 1Q ,2023 4Q ,2023 3Q ,2023 2Q ,2023 1Q ,2022 4Q ,2022 3Q ,2022 2Q ,2022 1Q ,2021 4Q ,2021 3Q ,2021 2Q ,2021 1Q ,2020 4Q ,2020 3Q ,2020 2Q ,2020 1Q ,2019 4Q ,2019 3Q ,2019 2Q ,2019 1Q ,2018 4Q ,2018 3Q ,2018 2Q ,2018 1Q ,2017 4Q ,2017 3Q ,2017 2Q ,2017 1Q ,2016 4Q ,2016 3Q ,2016 2Q ,2016 1Q ,2015 4Q ,2015 3Q ,2015 2Q ,2015 1Q ,2014 4Q ,2014 3Q ,2014 2Q ,2014 1Q ,2013 4Q ,2013 3Q ,2013 2Q ,2013 1Q ,2012 4Q ,2012 3Q ,2012 2Q ,2012 1Q ,2011 4Q ,2011 3Q ,2011 2Q ,2011 1Q ,2010 4Q ,2010 3Q ,2010 2Q ,2010 1Q ,2009 4Q ,2009 3Q ,2009 2Q ,2009 1Q ,2008 4Q ,2008 3Q ,2008 2Q ,2008 1Q ,2007 4Q ,2007 3Q ,2007 2Q ,2007 1Q ,2006 4Q ,2006 3Q ,2006 2Q ,2006 1Q ,2005 4Q ,2005 3Q ,2005 2Q ,2005 1Q ,2004 4Q ,2004 3Q ,2004 2Q ,2004 1Q ,2003 4Q ,2003 3Q ,2003 2Q ,2003 1Q ,2002 4Q ,2002 3Q ,2002 2Q ,2002 1Q ,2001 4Q ,2001 3Q ,2001 2Q ,2001 1Q ,2000 4Q ,2000 3Q ,2000 2Q ,2000 1Q ,1999 4Q ,1999 3Q ,1999 2Q ,1999 1Q ,1998 4Q ,1998 3Q ,1998 2Q ,1998 1Q ,1997 4Q ,1997 3Q ,1997 2Q ,1997 1Q ,1996 4Q ,1996 3Q ,1996 2Q ,1996 1Q ,1995 4Q ,1995 3Q ,1995 2Q ,1995 1Q ,1994 4Q ,1994 3Q ,1994 2Q ,1994 1Q ,1993 4Q ,1993 3Q ,1993 2Q ,1993 1Q ,1992 4Q ,1992 3Q ,1992 2Q ,1992 1Q ,1991 4Q ,1991 3Q ,1991 2Q ,1991 1Q ,1990 4Q ,1990 3Q ,1990 2Q ,1990 1Q ,1989 4Q ,1989 3Q ,1989 2Q ,1989 1Q ,1988 4Q ,1988 3Q ,1988 2Q ,1988 1Q ,1987 4Q ,1987 3Q ,1987 2Q ,1987 1Q ,1986 4Q ,1986 3Q ,1986 2Q ,1986 1Q ,1985 4Q ,1985 3Q ,1985 2Q ,1985 1Q ,1984 4Q ,1984 3Q ,1984 2Q ,1984 1Q ,1983 4Q ,1983 3Q ,1983 2Q ,1983 1Q ,1982 4Q ,1982 3Q ,1982 2Q ,1982 1Q ,1981 4Q ,1981 3Q ,1981 2Q ,1981 1Q ,1980 4Q ,1980 3Q ,1980 2Q ,1980 1Q ,1979 4Q ,1979 3Q ,1979 2Q ,1979 1Q ,1978 4Q ,1978 3Q ,1978 2Q ,1978 1Q ,1977 4Q ,1977 3Q ,1977 2Q ,1977 1Q ,1976 4Q ,1976 3Q ,1976 2Q ,1976 1Q ,1975 4Q ,1975 3Q ,1975 2Q ,1975 1Q 
GDP At Current Market Prices,186949.9,187868.1,182225.6,183758.4,177584,175605.3,167828.4,168853.5,166400.3,175392.6,177181.2,182689.3,166503,158750.6,148285.4,143206,136311.1,127977.9,119663.2,107770.2,126347.5,131417.1,128968.5,126324.4,126434.4,133747.6,129033,124284.9,121614.8,126509.3,117601.7,114639.5,115836.6,116967.3,110170.7,107824.2,106644.1,109464.2,106226,104401.7,103352.2,103905.2,99531.6,98324.3,97186.8,99473.5,95966.9,95558.7,93871.2,94875.2,90177.1,92559.5,91158.7,90424.3,88171.1,86275.4,86497.1,86094.5,81849.2,81173.4,77863,76620,72667.9,68325.9,64780.7,66707,70075.9,68444.9,68713.8,72156.4,70005.2,66974,63562,63376.5,59703.4,57286.5,55792.4,57313.8,53712.8,51193.3,50503.1,51844.4,49227.6,46731.1,46629.9,45275,42593.9,40129.5,42119.5,42377.9,41446.2,41324.7,40549.3,39813.2,39432.8,40180.2,41459.4,44367.6,42949.8,40050.2,38264.8,38677.5,37466.3,36198.8,33909.9,35739.4,35884.4,35854.7,35996.4,38781.9,38251.6,36840.4,34790.5,35913.4,33910.5,33179,32774.3,33360.3,32070.8,30105.4,28926.8,30273.1,29045,26949,26288.3,26754.9,24980.3,23633.7,22554.2,22905.1,21674.3,20381.9,19958.9,20812.1,20151.6,19058.1,18521,18805,17930.1,17087.7,16669.5,16710.4,15789.2,14854.3,13954.6,14665,13803,12854.7,12109.6,12414.5,11725.2,10982.5,10427.3,10874.3,10288,9961.4,9769,10022,10219.9,10180.7,10440.2,10904.8,10668.8,10225.8,9931,10114.7,9797.8,9329.5,8816,9100.8,8617.1,8199,8064.3,8234.1,7845.2,7298.3,6974.4,6988,6617.9,6246.6,6017.1,5849.9,5461.2,5061.6,4768.5,4980.7,4695.8,4376.8,4284.1,4344.2,4172.4,3963.1,3873.5,3991.6,3846.5,3620.2,3545.1,3693,3519.3,3307,3209.4
  Goods Producing Industries,41058.5,38764.3,40290.2,39013.4,38494.2,37095.2,37716.2,37531.9,38154.6,38156.4,42069.4,44846,42415.2,36035,38360.7,36712,33446.1,27685.6,28898.1,25108.4,30434.8,29416.9,31918.4,31172.1,31175.7,35147.4,34075,31187.5,28848.5,30592.3,27931.3,26460.9,26673.5,27457.9,25698.8,25438,24010.2,25925.9,26031.4,26141.2,24885.8,24567.8,24716.1,24003.5,23270.2,23507.7,23131.8,22385.5,21331.4,22916.4,22726.8,23724.1,23029.9,22459.1,22309.1,21990.5,22117,22312.5,21836.8,22292.4,20770.5,21231.4,20833.2,18384.1,15958.8,17438.3,19002.3,18092.7,17942.8,19761,19980.6,18981.5,18364.8,18996.7,18799.5,18236,17042.8,18213.8,17113.8,16063.9,15536.9,16802.6,16034.7,15067.4,14200.2,13892.9,12910.8,12164.4,12553.7,12933.5,13008.5,12982.1,12138.6,11956.1,11925.6,12242.4,12884.9,15033.4,14337.5,12679.4,11864.1,11755.9,11587.4,11144.2,10787.7,11459.2,11627.2,11527.4,11584.1,12532.2,12243.3,11258.4,10354.3,11333.9,10643.2,10644.5,10426.4,10738.8,10298.8,9649.7,8689.3,9359.5,9209.2,8766.1,8094.7,8381.4,8244.3,7757,7257,7543.4,7103.7,6650,6288.8,6701.7,6689.3,6292.3,6132.1,5903.5,5788.4,5383.1,4905.9,5281,5212.5,4931.3,4485.3,4773.5,4878.8,4513,4001.2,4077.6,3980.8,3717.1,3332.4,3606.8,3576.4,3515.9,3141.3,3145,3392.4,3433.6,3552.3,3901.7,3876.8,3814.8,3524.9,3599.7,3542.3,3395.8,3015.2,3036.5,3044,2885,2818.8,2978.9,2842.6,2649.5,2423.3,2509.2,2411.8,2344.5,2148.4,2064.3,1919.8,1778.7,1559.7,1658.5,1558.3,1466.9,1381.2,1435.7,1433.3,1366.2,1282.8,1348.2,1341.6,1247.6,1166.6,1269.6,1205.7,1090.9,1014.2
    Manufacturing,31832.7,28988.1,30780.6,29980.6,29714,27738.1,28677.3,29014.1,29781.5,30053.8,34532.2,37920.9,35429,29607.9,32454.6,31042,27919.4,22825.8,25243.5,22006.9,24608.6,23381,25919.9,25247.6,25022.2,29026.8,28138.1,25351.7,22871,24542.7,22131.5,20669,20673,21202.6,19327.6,18942.5,17552.1,19163.7,19376.4,19581.8,18476.3,18115.4,18447,17994.7,17252.6,17608.4,17425.1,16885.9,15965.6,17265.7,17166.4,18319.6,17745.5,17130,17181.4,17114,17381.4,17375.3,17049.7,17493.5,16007.8,16006.3,16047.7,13734.4,11462.5,12800.3,14831.3,14278.6,14482.5,16397.5,16941.3,16262.2,15362.8,16242,16162,15847.7,14514.6,15785.5,14791.2,13862.6,13159.2,14412.4,13688.6,12818,11810,11453.7,10522.5,9903.5,10250.7,10435.1,10485.6,10571.2,9497.9,9222.4,9031.5,9397.7,9987.1,12060.1,11456.4,10097.7,9220.8,8944.7,8655.8,8242.1,7577.1,8142.3,8221.8,8060.7,8126,8870.6,8630.7,8056.9,7373.2,8193.1,7642.9,7827.2,7792.6,8087.5,7841,7371.7,6552.4,7034,6916.8,6684.8,5955.3,6302.4,6245.5,5910.1,5505.6,5685.8,5353.5,4990.2,4648.3,5040.8,5171.9,4957.3,4826.9,4607.8,4577.2,4222.1,3796,4101.1,4103.2,3893.5,3414,3693.9,3798.8,3457.7,2983.9,3072,2935.1,2657.4,2308.4,2543.1,2452.8,2278.4,1973.1,1973,2066.9,2109.7,2070.1,2327.6,2291.6,2273.2,2038.9,2120.1,2150,2053.3,1845.5,1857.2,1939.1,1878.2,1900.9,2059.1,2065.8,1935.2,1758,1807.3,1758.1,1707.1,1589.7,1518.2,1419.3,1297.3,1103.5,1180.5,1113.2,1026.8,958.7,969.5,968.3,913.9,843.6,896.9,877.8,793.6,744.8,810.1,785.1,692.9,654.9
    Construction,6690.1,6957.2,6668.5,6229.8,6208.3,6475.9,6118.2,5657.1,5774.2,5819.9,5444.6,4888.2,5009.1,4681,4272.7,4067.9,3966.6,3205.8,2074.1,1495.1,4250.2,4532.4,4396.5,4391.7,4718.5,4611.8,4389.2,4266.3,4564.7,4578.6,4345.9,4335.2,4674.5,4759.2,4886,5050.7,5068,5272,5168.9,5065.5,4924.4,4998.7,4843.6,4599.2,4738.4,4565.5,4321.8,4085.5,4146.9,4278.5,4148.9,3980.4,4014.9,4040.3,3800.1,3479.5,3517.2,3649.8,3549.5,3559.5,3643.9,4043.4,3766.7,3575.5,3604.3,3546.3,3230.5,2720.7,2473.7,2362.6,2063,1758,1912.2,1781.7,1658.9,1447.2,1597.5,1589.7,1485.6,1381.9,1553.5,1510.8,1465.2,1369.4,1499.2,1544.9,1550,1434.9,1495.8,1621.8,1653.1,1599.2,1811.4,1884.6,1990.6,1909.9,1999.5,2123.2,2101.3,1948.6,2018.4,2168.1,2222,2199.9,2454,2591.1,2707.8,2673.8,2715.8,2889.1,2835.3,2473,2348.9,2481.2,2316.2,2186.2,2097.4,2050.6,1918.6,1732.9,1625.9,1830.7,1767,1576.6,1641.1,1594.3,1515,1400.2,1343.7,1476.6,1340,1250.6,1248.2,1268.1,1097.3,940.8,952.6,921.9,794.1,762.2,748.7,811.1,752.8,694.8,704,693.6,702.2,691.8,672.8,670.2,729,742.7,695.7,685.4,722.6,872.3,856.1,877.3,1000.2,1005.8,1159.5,1248.1,1247.3,1220.1,1169,1166.7,1076.9,1032.3,879.4,880.3,813.4,739.2,646.7,647.4,528.5,480.6,441.2,439.1,392.3,379,344.9,329.9,295.2,294.7,267.5,291.9,266.8,270.9,254.5,290,300.5,293.4,278.5,290.3,305.9,301.4,271.7,294.9,272.6,256.3,228.5
    Utilities,2487,2766.4,2790.4,2754.2,2523.3,2827.7,2869.1,2815.4,2553.5,2233,2045.4,1993.5,1935.1,1697.7,1586.9,1559,1518.9,1609.2,1538.6,1574.3,1536.7,1461,1556.9,1494.8,1395.1,1468.2,1506.9,1533.4,1377.1,1435.1,1413.6,1422.3,1290.6,1460.8,1451.8,1409.8,1354.6,1456.8,1450.7,1460.3,1449.4,1419.5,1390,1376.2,1244.5,1300.2,1351.3,1382.2,1185.7,1341.7,1381.3,1393.2,1238.4,1257,1299.4,1367.7,1186.1,1257.8,1207.9,1209.4,1089.9,1151,992,1047.8,861,1064.6,913.3,1065.7,955.1,971.7,948.3,933.2,1058.2,941.8,952.2,913.8,900.2,808.5,807.5,791.9,794.2,852.2,849.9,855.8,865.2,868.1,812.7,800.7,780.3,848.4,840.7,781.9,798.7,817.3,871.4,901.1,863.4,812.9,740.9,595.9,585.6,600.1,668.9,661.5,718.3,685.8,660.2,753.6,699.2,724.2,729.6,676.7,582.4,606.7,632.7,579.8,488.3,553,494.1,501.7,466.9,444.4,477.5,456.9,449.5,441,441.1,404.8,366.8,339.3,370.9,367.4,347.5,343.6,371.6,344.2,303.9,312.4,362.1,344.6,303.8,311.9,302.4,291.9,311.2,328.4,323.2,307.7,289.7,273.8,254.2,253.9,264.7,305.3,328.1,294,236,208.6,229.9,224,221.9,215.4,228.9,210.9,200.7,197.5,205.3,197.7,179.8,180.6,175.3,161.1,155.8,146.2,136.6,128.4,123.2,155.9,162.5,161.6,125.9,123.4,120.6,109.1,116.3,106.1,100.6,95.8,93.7,89.9,83.4,82.5,78.8,83.8,81,76.8,73.4,83.2,73.5,71.2,61.3
    Other Goods Industries,48.7,52.6,50.7,48.8,48.6,53.5,51.6,45.3,45.4,49.7,47.2,43.4,42,48.4,46.5,43.1,41.2,44.8,41.9,32.1,39.3,42.5,45.1,38,39.9,40.6,40.8,36.1,35.7,35.9,40.3,34.4,35.4,35.3,33.4,35,35.5,33.4,35.4,33.6,35.7,34.2,35.5,33.4,34.7,33.6,33.6,31.9,33.2,30.5,30.2,30.9,31.1,31.8,28.2,29.3,32.3,29.6,29.7,30,28.9,30.7,26.8,26.4,31,27.1,27.2,27.7,31.5,29.2,28,28.1,31.6,31.2,26.4,27.3,30.5,30.1,29.5,27.5,30,27.2,31,24.2,25.8,26.2,25.6,25.3,26.9,28.2,29.1,29.8,30.6,31.8,32.1,33.7,34.9,37.2,38.9,37.2,39.3,43,40.7,40.7,38.3,40,37.4,39.3,43.1,48.3,47.7,51.8,49.8,52.9,51.4,51.3,48.1,47.7,45.1,43.4,44.1,50.4,47.9,47.8,48.8,43.7,42.7,41.9,40.9,41.7,39.3,41.8,44.8,49.2,48.5,50,48.7,61.4,55,54.2,57.4,56.9,54.1,51.1,56.1,57.6,54.6,55.8,54.8,61.6,62.5,63.1,63.6,73,72.9,71.2,76.1,86.1,95.4,94.1,100.8,110.6,109,110.6,116.3,115.4,110.1,112.5,110.5,118.4,116.2,106.5,115.4,126.2,111.7,105.3,100.9,106.9,98.9,96.8,87.9,92.8,84.7,77.6,72.4,80,77.7,73.4,74.3,86.3,81.1,76.4,81.9,77.2,76.9,75.8,76.7,81.4,74.5,70.5,69.5
  Services Producing Industries,128007.1,130709.8,124799.3,127380.9,122829.8,122387.8,114826,116951.8,113900.2,123543.4,121890.4,124813,111728.3,109471.6,97669.5,94507.4,91021.4,88537.6,80261.2,74712.1,85067.5,90536.2,85872.2,84151,84304.5,87511.5,84215.7,81768,81566.9,83532.6,78086.4,77037.6,77962.5,78368.2,73285.4,71613,71563,72876.1,69482.5,67503,68241.4,69106.5,64869.2,64281.9,64586.4,65968.1,63112.6,62998.1,63013.3,62075.6,58327.9,59429.1,59639.1,59304.4,57412.7,55776.1,56427,56048.6,52493.6,51486.5,50459,48771.6,45486.6,44005.6,43429.9,43373,44660.2,44190.8,44843.3,46144.2,43654.7,42305.2,40042.5,39945.6,36866,34891.9,34496.7,34985.5,32825.3,31319.4,30850.4,30997.4,29415.6,28091.3,28366,27615.7,25994.5,24060.8,25816.5,25862.6,25050,24624.6,24762.5,24139.6,23715.4,23922.9,24514.6,25097.9,24261,22996.6,22366.5,23155.2,21944.5,21416.2,20009.2,21150.9,20821.2,20813.7,20988.8,22695.5,22103.3,21498.5,20898.3,21178.9,19720.7,19101.8,18901,19376,18459.1,17324.6,16763.6,17934,16621.9,15477.4,15384.4,16030,14436.1,13742.6,13125.8,13551.4,12715.9,11991.5,11878.2,12482.3,11875,11359.7,11003.1,11528.1,10803.4,10320.7,10170.4,9917.5,9302.5,8757.7,7993,8676.5,7842.9,7383.9,7048.2,7373.2,6791.7,6461.1,6262.6,6483.3,5985.2,5816,5903.8,6134.5,6055.8,6068.4,6195.7,6301.2,6095.4,5763.8,5735.7,5915,5701.9,5395,5242.6,5584.8,5129.2,4885.3,4807.4,4810.9,4563.6,4242.7,4119.4,4106.2,3838.6,3561.2,3508.7,3443.7,3214.9,2982,2902.7,3037.1,2852.5,2644.3,2627.6,2651.5,2485,2355.9,2344.4,2407.8,2282.7,2156.5,2154.2,2206.6,2105.2,2019.6,1991.7
    Wholesale & Retail Trade,33976.2,40632.7,35717.5,39182.2,33391.8,40743.1,35429.3,36558.9,29377,38540.8,38349.7,41822,30561.7,32727.1,28784.1,28357.1,23928.9,24260.9,22441.7,21597.7,21285.2,23850.6,22861.8,22620,21457.9,23689.4,23142.4,21984,20284.1,22245.8,20030.7,19779,20037.6,21492.2,19001.7,17796.3,15884.1,17670.2,16626.7,16041.1,15246.5,16622,15783,16323.2,15996.3,17481,17083,17053.5,16877.8,17131.4,16369.3,17431.9,16705.2,17719.8,17290.9,17073.9,15925,15910.4,14850.1,14667.1,13749.9,13907.3,13103.3,12416.5,10968.8,10617.5,11792.3,11506.6,11169.7,12954.4,12713.2,12281,11149.1,11754,11014.3,10041.8,9245.9,9583.6,9080.8,8329.5,7661.6,7665.9,7191.2,6669.6,6166,6126.8,5692.5,5465.9,5547.9,5887.6,5792.4,5499.6,5066.4,5130.7,4923.7,5009.5,5030.2,5540.2,5435.5,5061.4,4694.9,5101.7,4677.7,4568.6,4071.8,4105.8,3953.1,4011.7,4135.4,4337,4494.8,4404.5,4303,4539.6,4223.7,4091.4,4113.4,4125.2,3954.4,3718.9,3579.6,3741.6,3481.4,3298.8,3185,3307.8,3054.8,2884.8,2806.4,2699.7,2485.6,2379,2321.9,2541.8,2491,2404.3,2360.5,2312.1,2104.7,2118.2,2120.2,1866.8,1832.4,1754,1310,1709,1608.2,1548.7,1312.3,1466.2,1352.7,1302.7,1121.1,1272.7,1171.9,1126.7,1090.2,1185.8,1143.4,1156,1198.3,1360.3,1263.2,1165.5,1198.7,1336.5,1244,1141.2,1150.1,1252.9,1181.3,1115.5,1131.4,1157.9,1096.3,1047.1,1043.1,1145.1,1088.3,1015.7,985.3,1058.9,1020.7,919.2,883.6,946.4,917.7,832.1,824.5,870.6,826.7,777.6,746.8,783.2,759.3,711,677.5,724.8,716,704.9,672.8
      Wholesale Trade,31856.7,38398.4,33634.9,37138.7,31288.1,38501.3,33373.8,34525,27356.4,36381.3,36403.5,39878.2,28682.1,30781.2,27120.6,26765.2,22205.6,22495.7,20849,20585.5,19605.6,21932.6,21045.5,20780.2,19502.5,21625.2,21224,20033.1,18306.5,20158.9,18157.3,17906.5,18105.1,19498,17157,15948,13983.8,15737.9,14845.3,14276.1,13446.8,14781.4,14100.5,14672,14275.4,15757.3,15497,15419.5,15213.1,15411.3,14788,15859.3,15047.3,15999.4,15736.4,15528.4,14414.2,14363.5,13466.4,13340.2,12355.6,12477.8,11759,11102.9,9639.6,9259.1,10475.4,10190.9,9814.6,11586.1,11475.5,10982.3,9856.4,10472.2,9852.5,8854.7,8029.4,8360.6,7966.9,7228.9,6513.8,na,na,na,na,na,na,na,na,na,na,na,na,na,na,na,na,na,na,na,na,na,na,na,na,na,na,na,na,na,na,na,na,na,na,na,na,na,na,na,na,na,na,na,na,na,na,na,na,na,na,na,na,na,na,na,na,na,na,na,na,na,na,na,na,na,na,na,na,na,na,na,na,na,na,na,na,na,na,na,na,na,na,na,na,na,na,na,na,na,na,na,na,na,na,na,na,na,na,na,na,na,na,na,na,na,na,na,na,na,na,na,na,na,na,na,na,na,na,na,na
      Retail Trade,2119.5,2234.3,2082.6,2043.5,2103.7,2241.8,2055.5,2033.9,2020.6,2159.5,1946.2,1943.8,1879.6,1945.9,1663.5,1591.9,1723.3,1765.2,1592.7,1012.2,1679.6,1918,1816.3,1839.8,1955.4,2064.2,1918.4,1950.9,1977.6,2086.9,1873.4,1872.5,1932.5,1994.2,1844.7,1848.3,1900.3,1932.3,1781.4,1765,1799.7,1840.6,1682.5,1651.2,1720.9,1723.7,1586,1634,1664.7,1720.1,1581.3,1572.6,1657.9,1720.4,1554.5,1545.5,1510.8,1546.9,1383.7,1326.9,1394.3,1429.5,1344.3,1313.6,1329.2,1358.4,1316.9,1315.7,1355.1,1368.3,1237.7,1298.7,1292.7,1281.8,1161.8,1187.1,1216.5,1223,1113.9,1100.6,1147.8,na,na,na,na,na,na,na,na,na,na,na,na,na,na,na,na,na,na,na,na,na,na,na,na,na,na,na,na,na,na,na,na,na,na,na,na,na,na,na,na,na,na,na,na,na,na,na,na,na,na,na,na,na,na,na,na,na,na,na,na,na,na,na,na,na,na,na,na,na,na,na,na,na,na,na,na,na,na,na,na,na,na,na,na,na,na,na,na,na,na,na,na,na,na,na,na,na,na,na,na,na,na,na,na,na,na,na,na,na,na,na,na,na,na,na,na,na,na,na,na
    Transportation & Storage,16246,12726.6,16902,17728.3,15549.8,9152.4,10979.5,13819.9,14967.5,16981.7,20860,22548,20350.6,16334.5,13806.4,12130.9,10936.2,8726.9,7657,6430.5,7150.1,8603.5,7866.7,7762.9,7359.2,8230.7,7893.5,7544.9,7458.5,8421.8,7995.7,7988.6,7413.2,7350.8,6710.4,6914.8,6928.7,7642.8,7359.8,7357.6,7654.8,7590.8,6782.6,6443.2,6275.8,6712.4,6118.9,6163.2,5762.2,6205,5819.1,5954.6,5724.2,5732.4,5340.3,5460.4,5626.1,6507.7,6352.6,6216.1,6194.6,5898.7,5033,5058.9,5464.5,6208.5,6025.6,6337.9,6605,6643.2,6237.7,5946.5,5810.5,5671.2,5117.1,4878.8,5175.6,5478.2,5127.5,5028.7,5064,5133.3,4816.9,4661,4625.6,4637.8,4108.6,3292.7,3996,3583.7,3458.1,3545,3548.7,3675.1,3502.4,3470.2,3585.5,4087.1,3996.6,3733.6,3647.2,3747.6,3589.7,3410.6,3247.4,3304.3,3247.2,3213.3,3113.6,3527.7,3266.8,3267.8,3105.5,3305.6,3099.9,3066.4,2980.4,3128.5,3075.7,2932.3,2828.3,2960,2821.1,2575.8,2571.2,2605,2521.7,2349.8,2258,2243.9,2251.6,2089.2,2157,2339.2,2288.4,2163.3,1947.8,1988.5,1918,1863,1842,1871,1810.2,1671.9,1614.3,1621.9,1600.4,1453.7,1406.9,1405.6,1332.8,1238.4,1204.5,1214.7,1202.3,1178.4,1092.2,1161.9,1187,1163.3,1130.2,1118.9,1114.9,1150.5,1074.4,1059.6,1090.7,1056.3,976,936.2,934.3,902.4,889.6,898.7,875.3,824.5,784.3,778.1,770.7,695.3,714.5,643.6,618.2,582.7,575.8,589.5,568.9,514.6,514.8,491.6,464.7,409.3,412.4,404.6,390.3,357.9,364,335.6,331.6,303.2,291.2
    Accommodation & Food Services,2694.3,2784,2938.1,2626.3,2699.6,2646.5,2832.7,2522.6,2406.9,2530.3,2314.7,1981.9,1575.6,1647.9,1463.8,1397.7,1523.2,1632.4,1525.7,1117.1,1847.7,2468.1,2558.2,2415.7,2504.4,2503.7,2533.8,2375.6,2392.8,2363.4,2396.5,2247,2340.4,2304.6,2395.3,2226.2,2265,2238.2,2255.8,2110.1,2159,2216.5,2215.4,2116.6,2118.1,2041,2045.3,2052.6,2069.4,1983.8,1988.3,1951.6,1923.9,1904.7,1864.9,1773.4,1684.9,1666.5,1579,1451,1369.4,1320.7,1255.2,1177.9,1216.9,1312.3,1352.4,1341.1,1349.2,1280.1,1236.1,1190.3,1163.2,1136.6,1095.4,1044.3,1026.9,1049.8,993.6,985.5,951.8,992.1,956.2,946.5,962.9,972.4,874,711,916.7,948.4,910.1,915.5,920.8,943.3,951.7,964.2,977,995.1,948.1,928.7,933.8,947.7,883.2,895.6,864.5,890.9,843.6,856.8,893.7,955.4,932.2,914.9,918.1,905.1,843.8,837.8,855.1,860.9,826.5,778,774.4,784.6,752.2,713.2,739.7,750.7,706.8,684.2,681.5,678.9,657.1,641.7,654.1,656.6,627.4,601.2,561.6,627.8,591.1,574.5,578,587.5,547.6,491.7,474.5,471.1,436.9,410.4,401.4,402.9,376.2,351.1,341,359.5,345.5,329.7,332.5,357.6,340.1,344.1,346.9,364.2,348.9,348.3,349.1,360.7,347.1,343.9,347.7,351.6,339,327.3,330.2,318.7,302.9,282.5,277.8,273.8,254.8,237.7,232.6,220.5,198.2,187.7,183.8,179.7,169.6,158.3,160.5,154.3,144.4,137.2,136.9,135.4,127.5,120.7,125.1,123.4,116.6,110.7,112.4
      Accommodation,1360.6,1374.7,1537.6,1285.6,1377.5,1278,1462.9,1202.9,1138.6,1230.7,1070.4,808.6,509.6,585.2,529.6,510.2,483.8,593.2,562.4,448.3,695.2,1091.8,1131,999.1,1050,1062,1127.4,1026.5,1018.6,984.5,1026.8,926.5,953.4,933.6,1012.1,893.8,924.6,923.2,953.7,853.1,874.7,928.3,956.4,881.5,874.1,834.3,854.8,860.3,920.7,861.5,894.3,868.3,870.5,875.5,881,814,762.8,754.4,710.5,598.2,529.3,525.5,491.3,430.6,463.1,557.3,622.3,625.4,616.2,576.6,555.6,532.8,490.1,468.2,463.3,424.1,404.7,400.3,385.8,374.4,339.9,na,na,na,na,na,na,na,na,na,na,na,na,na,na,na,na,na,na,na,na,na,na,na,na,na,na,na,na,na,na,na,na,na,na,na,na,na,na,na,na,na,na,na,na,na,na,na,na,na,na,na,na,na,na,na,na,na,na,na,na,na,na,na,na,na,na,na,na,na,na,na,na,na,na,na,na,na,na,na,na,na,na,na,na,na,na,na,na,na,na,na,na,na,na,na,na,na,na,na,na,na,na,na,na,na,na,na,na,na,na,na,na,na,na,na,na,na,na,na,na
      Food & Beverage Services,1333.7,1409.3,1400.5,1340.7,1322.1,1368.5,1369.8,1319.7,1268.3,1299.6,1244.3,1173.3,1066,1062.7,934.2,887.5,1039.4,1039.2,963.3,668.8,1152.5,1376.3,1427.2,1416.6,1454.4,1441.7,1406.4,1349.1,1374.2,1378.9,1369.7,1320.5,1387,1371,1383.2,1332.4,1340.4,1315,1302.1,1257,1284.3,1288.2,1259,1235.1,1244,1206.7,1190.5,1192.3,1148.7,1122.3,1094,1083.3,1053.4,1029.2,983.9,959.4,922.1,912.1,868.5,852.8,840.1,795.2,763.9,747.3,753.8,755,730.1,715.7,733,703.5,680.5,657.5,673.1,668.4,632.1,620.2,622.2,649.5,607.8,611.1,611.9,na,na,na,na,na,na,na,na,na,na,na,na,na,na,na,na,na,na,na,na,na,na,na,na,na,na,na,na,na,na,na,na,na,na,na,na,na,na,na,na,na,na,na,na,na,na,na,na,na,na,na,na,na,na,na,na,na,na,na,na,na,na,na,na,na,na,na,na,na,na,na,na,na,na,na,na,na,na,na,na,na,na,na,na,na,na,na,na,na,na,na,na,na,na,na,na,na,na,na,na,na,na,na,na,na,na,na,na,na,na,na,na,na,na,na,na,na,na,na,na
    Information & Communications,10458.8,10931.8,10271.5,10262.8,9840.9,10368.4,9752.9,9514.6,9131.7,9055,8511.8,8494.1,8139.6,8288.9,7684.7,7642.1,7303.9,7285.1,6643.1,6301.5,6352.7,6104.8,5787.6,5725,5430.2,5341.5,5027.4,5062.6,4839.5,4823.3,4717.6,4881.7,4822.4,4604.1,4511.5,4707.1,4432.6,4173,4011.1,4127.3,3916,4074.9,4037.2,4107.4,3976.6,3868.8,3721.3,3876.8,3670.4,3678.8,3432.4,3533.9,3366.5,3372.6,3152.1,3148.2,3119.5,3075.2,2810.3,2860.4,2811.2,2713.2,2648.2,2659,2678.6,2602,2422.6,2354.6,2386.4,2369.6,2375.2,2328.7,2207.7,2229.2,2187.5,2111.8,2045.4,2092.9,2049.3,2002.2,1988.2,1950.5,1898.9,1913.3,1825.7,1835.9,1766,1744.6,1740.4,1696.9,1664.4,1634.3,1631.7,1706.4,1745.2,1738.5,1674.3,1545.5,1511.7,1461,1327.1,1471.3,1370.8,1336.4,1216.9,1223.1,1183.6,1216.3,1137.9,1214.4,1201.5,1190.5,1043.3,1113.1,1038.8,1029.5,964.8,1027.9,988.8,949.2,894.5,868.9,857.4,846.5,760.6,803.2,758.3,748.3,671,662,638.2,622.7,610.5,583.4,576,549.6,498.2,507.2,475,457.7,443.4,433.4,397.6,398.2,370.9,373.7,335,325.7,315.4,299.6,290.5,277.2,246.6,260,238.5,244.6,237.1,238.4,242.3,246.6,236.7,252.4,242.6,240.2,217.2,226.7,217.4,219.5,196.7,222.6,200.5,197.5,192.2,195.7,200.8,185.3,174,169.3,155.3,157.3,150.4,141,134,128.8,119.3,129.1,119.9,113.8,101,98.7,88.5,84.5,93.5,77.4,78.7,76.5,71.2,72.8,65.9,65.5,69.8
    Finance & Insurance,27040.8,25548.5,24227,23957.2,25294.1,23467.8,22757.3,22363.3,23669.3,21571.8,20550.5,19951.6,19302.6,19140.1,18300.7,18124.4,18297.5,17919.5,16692.2,16439.7,17940.5,17732.2,16899,16709.2,16554.8,15996.3,15594.3,15549.1,15431.1,14895,14235.4,14021.4,13618.7,13278,12705.4,12646.8,12958.6,12850.9,12447.7,12190,12383.6,11998,11470.4,11236.1,11261.9,10988.7,10464.2,10735.5,10699.9,9531.5,9240.9,9431.9,9517.8,8835.1,9041.8,8646.9,8774.6,8800.1,8471.4,8410.8,8305.6,8327.5,8088.1,7936.2,7238,6722.2,7857.1,7949.1,7661.6,7887.6,7449.7,7430.3,6801,6311.1,5888.8,5820.1,5488.5,5250.1,4931.3,4915,4583.9,4772.8,4741.5,4476.1,4548.7,4344.5,4406.4,4159.4,3976.6,4161.2,4035,4141.5,4352.9,3860.6,3825.9,4401.4,4419.7,3772.7,3905,3978.7,3942.4,3824.5,3975.2,4113.5,3463.5,4200.3,4303.5,4251.4,4228.5,4312.7,4547.8,4580.5,4422,3690.4,3527.6,3458,3479.4,3274.6,3379.7,3233.2,3142.3,3173.6,3227.9,3010.8,3178.3,3395.7,2850.2,2822.3,2541.6,2684.9,2564.6,2410.9,2364.3,2183.9,2198.9,2223.6,2254.2,2349.2,2379.7,2260.5,2201.5,1871.5,1816.8,1837.3,1616.8,1655.5,1594.7,1534.9,1416.4,1472.3,1580.2,1465.8,1325.9,1238.5,1232.7,1176.1,1191.1,1246.4,1260.7,1284,1278.4,1176,1165.7,1104.8,1102.7,1016.2,998.8,1001,937.1,1015.8,933.8,878.3,832.1,850.7,820.9,764.9,709.8,633.3,593.4,548.5,518.7,451.9,412,385.9,362.5,377.7,342,324.7,310.1,288,283.4,283.1,277.3,289.8,269.4,259.7,270.3,261.2,242,235.6,248.9
"    Real Estate, Professional Services And Administrative & Support Services",19305.9,20465.9,18763.8,18609.7,18299.1,19635.9,18063.7,18134.6,17817.7,19389.2,17559.6,17331.7,16819.3,17076.6,15436.7,15045.4,14629.1,15743.1,13876.9,12914.2,16220.5,17840.9,16654.7,16540.5,16394.6,17855.4,17425.8,17349.7,16973.8,17409.4,16673.1,16642.4,16211,16892.9,16372,16411.3,16367.2,16617.3,15928.6,15392,14728.5,15218.8,14392.5,14270.3,13651.4,14216.2,13930.4,13816,13343.4,13468.2,12667.9,12525.8,12320.7,12523.9,12230.8,11528.3,11252.9,11151.8,10497.6,10341.9,10003.5,9502.4,8965.1,8520.6,8629,9100.1,8990.3,8782.7,8674.7,8363.9,7820.4,7412.7,6909.2,6606.3,6134.2,5896,5736.4,5874.1,5587.2,5353,5200.5,5151.4,4967.9,4900.6,4773.2,4718,4573.4,4459.1,4471.8,4584.7,4548.7,4559.6,4408.3,4202,4340.2,4394.1,4372.8,4534.7,4477.9,4343.8,4174,4184.2,4071.6,3983.6,3789,3780.9,3902.1,4139,4128.7,4401.6,4300.7,4156.2,4013.1,3976.8,3885.9,3916.7,3678.8,3643.3,3471.7,3321.1,3087.1,3139,2962.6,2807.4,2718,2441.8,2350.5,2342.1,2218.5,2151.5,2117.7,2099.7,2003.1,1923.1,1858.8,1816.5,1745.2,1727.6,1675.9,1620.8,1532.7,1468.7,1459.2,1323.8,1250.9,1167.5,1100,1033.1,1023.3,1014.5,809.7,767.7,876.2,922.1,776.6,773.7,862.8,745.2,800.7,897.5,955.3,916,933.1,883.6,880.8,912.2,900.6,845.2,819.3,843.1,801.5,773.5,751.4,673.8,664.4,593.7,571.1,482,463.6,436.3,418.8,380.7,368.2,357.2,346.2,326.3,326.4,315.2,318,311.1,305.6,302.7,303.1,297.3,298.9,283.2,289,286.4,288.4,275.6,268.5
      Real Estate,5165.4,5237.8,5111.9,5035,4684.2,4941.5,4881.8,4995.6,4725.8,4929.6,4767.5,4578.5,4506.3,4407.2,4058.7,3956.7,3865.3,3954.5,3137.7,2735.7,3758.5,4262,4218.7,4186.1,4220.6,4202.6,4193.8,4076.1,3863.6,3956.3,3926.4,3950.9,3859.4,4188.1,4351.7,4352.7,4523.6,4690.6,4784.3,4662.3,4644.3,4755.6,4782,4737.5,4687.6,4967.2,4968.8,4769.5,4537.7,4498.2,4370.7,4185.4,4023.7,4115.8,4285.7,3930.7,3795,3787,3616.2,3483.8,3147.8,3042.9,2834.7,2615.3,2534.6,2866.2,2936.4,2873.5,2686.7,2660,2477,2249.2,1974.5,1897.2,1793.8,1741.5,1672.9,1830.8,1738,1614.8,1545.1,na,na,na,na,na,na,na,na,na,na,na,na,na,na,na,na,na,na,na,na,na,na,na,na,na,na,na,na,na,na,na,na,na,na,na,na,na,na,na,na,na,na,na,na,na,na,na,na,na,na,na,na,na,na,na,na,na,na,na,na,na,na,na,na,na,na,na,na,na,na,na,na,na,na,na,na,na,na,na,na,na,na,na,na,na,na,na,na,na,na,na,na,na,na,na,na,na,na,na,na,na,na,na,na,na,na,na,na,na,na,na,na,na,na,na,na,na,na,na,na
      Professional Services,9380.3,10494.3,9176.7,9177.1,9036.1,10111.2,8860.9,8877.1,8630.8,9601.9,8271.1,8246.2,7719.8,8323.1,7258.3,7128.6,6579.6,7390.3,6574.7,6066.7,7007,8019,7135.4,7132.5,6901.6,7244.7,6592.5,6542.7,6384.4,6755.9,6408.1,6403.8,6166.3,6567.9,6216.1,6237.1,5973.1,6446.3,6108.4,5990.2,5673.7,6123.5,5469.8,5380.2,5131.3,5411.9,5412.9,5424.5,5422.1,5630.5,5113.1,5158.7,5080,5246.1,4985.6,4721.7,4719.1,4757.6,4490.8,4491.8,4540.5,4420.8,4180,3973.4,4087.8,4209.1,4122.5,3979.2,4018.9,3868.6,3686.4,3546.5,3377.6,3240.3,3007,2861.6,2767.8,2809.6,2649.2,2550.2,2507.1,na,na,na,na,na,na,na,na,na,na,na,na,na,na,na,na,na,na,na,na,na,na,na,na,na,na,na,na,na,na,na,na,na,na,na,na,na,na,na,na,na,na,na,na,na,na,na,na,na,na,na,na,na,na,na,na,na,na,na,na,na,na,na,na,na,na,na,na,na,na,na,na,na,na,na,na,na,na,na,na,na,na,na,na,na,na,na,na,na,na,na,na,na,na,na,na,na,na,na,na,na,na,na,na,na,na,na,na,na,na,na,na,na,na,na,na,na,na,na,na
      Administrative & Support Services,4760.2,4733.8,4475.2,4397.6,4578.8,4583.2,4321,4261.9,4461.1,4857.7,4521,4507,4593.2,4346.3,4119.7,3960.1,4184.2,4398.3,4164.5,4111.8,5455,5559.9,5300.6,5221.9,5272.4,6408.1,6639.5,6730.9,6725.8,6697.2,6338.6,6287.7,6185.3,6136.9,5804.2,5821.5,5870.5,5480.4,5035.9,4739.5,4410.5,4339.7,4140.7,4152.6,3832.5,3837.1,3548.7,3622,3383.6,3339.5,3184.1,3181.7,3217,3162,2959.5,2875.9,2738.8,2607.2,2390.6,2366.3,2315.2,2038.7,1950.4,1931.9,2006.6,2024.8,1931.4,1930,1969.1,1835.3,1657,1617,1557.1,1468.8,1333.4,1292.9,1295.7,1233.7,1200,1188,1148.3,na,na,na,na,na,na,na,na,na,na,na,na,na,na,na,na,na,na,na,na,na,na,na,na,na,na,na,na,na,na,na,na,na,na,na,na,na,na,na,na,na,na,na,na,na,na,na,na,na,na,na,na,na,na,na,na,na,na,na,na,na,na,na,na,na,na,na,na,na,na,na,na,na,na,na,na,na,na,na,na,na,na,na,na,na,na,na,na,na,na,na,na,na,na,na,na,na,na,na,na,na,na,na,na,na,na,na,na,na,na,na,na,na,na,na,na,na,na,na,na
    Other Services Industries,18285.1,17620.2,15979.4,15014.5,17754.6,16373.7,15010.6,14038,16530.1,15474.6,13744.1,12683.7,14978.9,14256.5,12193.1,11809.8,14402.6,12969.7,11424.6,9911.4,14270.8,13936.1,13244.2,12377.7,14603.4,13894.5,12598.5,11902.1,14187.1,13374,12037.4,11477.4,13519.2,12445.7,11589.1,10910.5,12726.8,11683.7,10852.8,10284.9,12153,11385.5,10188.1,9785.1,11306.3,10660,9749.5,9300.5,10590.2,10076.9,8810,8599.4,10080.8,9215.9,8491.9,8145,10044,8936.9,7932.6,7539.2,8024.8,7101.8,6393.7,6236.5,7234.1,6810.4,6219.9,5918.8,6996.7,6645.4,5822.4,5715.7,6001.8,6237.2,5428.7,5099.1,5778,5656.8,5055.6,4705.5,5400.4,5331.4,4843,4524.2,5463.9,4980.3,4573.6,4228.1,5167.1,5000.1,4641.3,4329.1,4833.7,4621.5,4426.3,3945,4455.1,4622.6,3986.2,3489.4,3647.1,3878.2,3376.3,3107.9,3356.1,3645.6,3388.1,3125.2,3351,3946.7,3359.5,2984.1,3093.3,3648.3,3101,2702,2829.1,3315.6,2762.3,2391.9,2457.4,3266.3,2519.3,2224.9,2231.6,2725.8,2193.8,1911.1,1948.8,2430.5,2001.1,1748.3,1767.3,2254.3,1834.5,1601.2,1635.6,2015.7,1659,1426,1452.6,1818.6,1438.7,1280.8,1355.6,1677.8,1167.7,1077.4,1172.5,1312.1,1049.6,1058.2,1147.3,1215.8,1017.7,986.8,1097.9,1199.2,1081.6,976.9,1049.9,1113.4,1027,870.9,912.8,1003.1,903.3,787.9,815.7,962.6,738.8,690.8,680.5,715.4,603,544.7,559.3,624.6,512.5,470.4,488.4,547.1,463.6,420.5,431.5,488.4,408,385.6,398.7,437.2,371.7,361.5,374.4,420.1,358.6,347.5,357.1,402.4,344.7,324.1,328.1
      Public Administration & Defence,5271.2,4742,3702.3,3270.3,5045.7,4290.2,3445.9,3145.2,4967.6,4391.3,3325,2830.5,4688.9,4102.8,3012.7,2855.8,4371.8,3391.8,2726.4,2726,4185.5,3376.2,3062.3,2589.7,4110.9,3535,2798.4,2511.2,3803,3425.8,2674,2374.1,3610.9,3083.3,2561.9,2315.7,3487.2,2924.9,2416,2135.6,3145.5,2764.4,2239.7,1887.1,2790.8,2621.8,2072.7,1971.9,2577.3,2406,1810.4,1642.6,2328.4,2114.8,1675.2,1621.2,2651.7,2157,1682.2,1503.5,2041.7,1732.9,1428.6,1323.3,1933.9,1734.1,1434.6,1340.8,2006.6,1855.7,1401.3,1406.9,1565.8,1682.8,1317.9,1134.7,1596.7,1540,1255.3,1090.6,1554.5,na,na,na,na,na,na,na,na,na,na,na,na,na,na,na,na,na,na,na,na,na,na,na,na,na,na,na,na,na,na,na,na,na,na,na,na,na,na,na,na,na,na,na,na,na,na,na,na,na,na,na,na,na,na,na,na,na,na,na,na,na,na,na,na,na,na,na,na,na,na,na,na,na,na,na,na,na,na,na,na,na,na,na,na,na,na,na,na,na,na,na,na,na,na,na,na,na,na,na,na,na,na,na,na,na,na,na,na,na,na,na,na,na,na,na,na,na,na,na,na
      Education,4743,4510.2,4190.4,3811.2,4707.9,4284.1,3974.3,3639.1,4547,4279.3,3721.6,3451.2,4218.5,4182.3,3605.1,3394,4121.7,3792,3336.8,3146.3,4014.1,3851.8,3610.9,3404.3,4010.4,4035.3,3586.7,3373.5,4122.1,3805.6,3418.8,3207.5,4052.3,3600.3,3349,3152.5,3901.3,3576.9,3195.3,2984.1,3755.7,3385.6,3022.7,2831.7,3506.4,3306.7,2839.3,2680.9,3327.1,3020.2,2609.3,2503.4,2991.1,2751.7,2444.4,2321.3,3086.5,2699.2,2299.9,2163.8,2666.5,2359.4,2079.1,2037.9,2412.5,2276.7,1972.7,1831.8,2264.7,2089.6,1810.3,1739.2,1899.1,2048.3,1704.2,1556.9,1806.9,1810.3,1487.1,1379.8,1637.2,na,na,na,na,na,na,na,na,na,na,na,na,na,na,na,na,na,na,na,na,na,na,na,na,na,na,na,na,na,na,na,na,na,na,na,na,na,na,na,na,na,na,na,na,na,na,na,na,na,na,na,na,na,na,na,na,na,na,na,na,na,na,na,na,na,na,na,na,na,na,na,na,na,na,na,na,na,na,na,na,na,na,na,na,na,na,na,na,na,na,na,na,na,na,na,na,na,na,na,na,na,na,na,na,na,na,na,na,na,na,na,na,na,na,na,na,na,na,na,na
      Health & Social Services,4453.4,4689.3,4721.6,4575.6,4212.9,4324.1,4268.5,4162.9,3778.2,3803.8,3812.4,3761,3505.6,3504.8,3478.8,3388,3436.2,3427.7,3207.2,2742.7,3086.8,3385.5,3358.7,3232.8,3209.4,3203.5,3141.8,3104.5,3003.4,3016.3,2973.7,2889.3,2908,2892.6,2849.1,2716.9,2655.4,2562,2492.6,2500.7,2443.5,2417.9,2377,2299.6,2181.5,2131.5,2104.3,2033.3,2024.4,1989.7,1960.8,1900.7,1869,1781.4,1757.8,1677.1,1723.4,1628.1,1631.6,1612,1574.2,1444.1,1419.7,1372.4,1388.8,1272.8,1345.5,1294.5,1293,1230.5,1251.2,1201.5,1177.3,1134,1142.8,1120.6,1124.2,1043.9,1072.6,1026.7,1040,na,na,na,na,na,na,na,na,na,na,na,na,na,na,na,na,na,na,na,na,na,na,na,na,na,na,na,na,na,na,na,na,na,na,na,na,na,na,na,na,na,na,na,na,na,na,na,na,na,na,na,na,na,na,na,na,na,na,na,na,na,na,na,na,na,na,na,na,na,na,na,na,na,na,na,na,na,na,na,na,na,na,na,na,na,na,na,na,na,na,na,na,na,na,na,na,na,na,na,na,na,na,na,na,na,na,na,na,na,na,na,na,na,na,na,na,na,na,na,na
"      Arts, Entertainment & Recreation",1858.4,1712.2,1505.8,1485.7,1890.7,1606.1,1575.5,1342.7,1477.1,1315.2,1332.7,1100.2,1034.4,975.8,702.7,785.4,983.6,937.2,793.7,102.7,1338.9,1599.8,1532,1485.4,1603.3,1468.4,1518.3,1381,1717.7,1549.1,1466.1,1519.1,1443.4,1351.1,1376.7,1292.1,1235.7,1192.7,1394.8,1310,1428,1456.9,1273.1,1502.9,1554,1310.2,1508.5,1388.5,1422,1408,1242.8,1377.7,1712.6,1380.7,1493.9,1416.3,1477.6,1362.8,1277.4,1226.4,701.4,523.5,475.5,515.9,503.1,526.9,514.5,517.7,494.9,512.2,458.5,483.7,475.4,492.1,431,467.9,443.8,426.8,451.6,423,373.3,na,na,na,na,na,na,na,na,na,na,na,na,na,na,na,na,na,na,na,na,na,na,na,na,na,na,na,na,na,na,na,na,na,na,na,na,na,na,na,na,na,na,na,na,na,na,na,na,na,na,na,na,na,na,na,na,na,na,na,na,na,na,na,na,na,na,na,na,na,na,na,na,na,na,na,na,na,na,na,na,na,na,na,na,na,na,na,na,na,na,na,na,na,na,na,na,na,na,na,na,na,na,na,na,na,na,na,na,na,na,na,na,na,na,na,na,na,na,na,na
      Other Services - Others,1959.1,1966.5,1859.3,1871.7,1897.4,1869.2,1746.4,1748.1,1760.2,1685,1552.4,1540.8,1531.5,1490.8,1393.8,1386.6,1489.3,1421,1360.5,1193.7,1645.5,1722.8,1680.3,1665.5,1669.4,1652.3,1553.3,1531.9,1540.9,1577.2,1504.8,1487.4,1504.6,1518.4,1452.4,1433.3,1447.2,1427.2,1354.1,1354.5,1380.3,1360.7,1275.6,1263.8,1273.6,1289.8,1224.7,1225.9,1239.4,1253,1186.7,1175,1179.7,1187.3,1120.6,1109.1,1104.8,1089.8,1041.5,1033.5,1041,1041.9,990.8,987,995.8,999.9,952.6,934,937.5,957.4,901.1,884.4,884.2,880,832.8,819,806.4,835.8,789,785.4,795.4,na,na,na,na,na,na,na,na,na,na,na,na,na,na,na,na,na,na,na,na,na,na,na,na,na,na,na,na,na,na,na,na,na,na,na,na,na,na,na,na,na,na,na,na,na,na,na,na,na,na,na,na,na,na,na,na,na,na,na,na,na,na,na,na,na,na,na,na,na,na,na,na,na,na,na,na,na,na,na,na,na,na,na,na,na,na,na,na,na,na,na,na,na,na,na,na,na,na,na,na,na,na,na,na,na,na,na,na,na,na,na,na,na,na,na,na,na,na,na,na
  Ownership Of Dwellings,7265.5,7199.4,7159.1,7108.5,6974,6623.5,6390.9,6233,6029.6,5317.7,5175.8,5050.8,4955,4783.4,4728.4,4703.9,4697.7,4741.7,4701,4679.3,4660.7,4676.9,4617.2,4588.5,4570.4,4501.3,4466.4,4426.3,4357,4418.2,4356.2,4337.5,4324.3,4393.3,4395.5,4384.4,4416.2,4498.5,4532,4539.9,4529.7,4519.3,4471.7,4424.1,4382.1,4373.5,4343.1,4304.2,4230.2,4131.9,4012.6,3879.4,3725.4,3621.1,3482.6,3345.4,3155.8,3050,2867.9,2772.1,2657.1,2607.2,2571.8,2567,2605.7,2810.5,2649.3,2419.2,2287.2,2122.5,2057.1,1934.5,1829.2,1787.2,1743.7,1749.5,1731.8,1610.9,1610.9,1566.9,1529.1,1454,1437.1,1416.1,1456.4,1484.7,1494.6,1500.8,1501.1,1451.8,1414.6,1402.4,1440.1,1509.6,1509.4,1509.3,1492.2,1480.5,1455.1,1426.9,1395.6,1413.8,1412.3,1431.5,1457.7,1517.7,1554.1,1567.4,1576.9,1511.3,1495.7,1462.7,1443.2,1390.6,1363.9,1327.7,1303.9,1241.6,1208.1,1177.4,1141.8,1059.6,1044.7,1044.6,1029.6,860.6,852.6,839.7,832.3,741.5,740.7,718,705.4,676.4,671.9,654.5,615.5,602.6,612.2,610.6,595.8,613.5,571.8,544.7,515.9,525.8,472.6,466.9,465.9,465.4,451.8,441.3,383.6,407.4,368.1,323.6,318.5,386.3,366.9,323.2,270.3,309.7,298.6,278.6,268.7,225.3,211.1,206.6,201.1,157.7,150.1,147.5,144.9,160.7,157.4,156.3,153.8,120.9,120,120.2,120,116.8,116.1,113.8,112.5,106.2,105.4,105.1,104.2,100.1,97.7,98.1,96,92.9,91.3,89.3,88.6,86.7,86,83.5,81.2
  Gross Value Added At Basic Prices,176331.1,176673.5,172248.6,173502.8,168298,166106.5,158933.1,160716.7,158084.4,167017.5,169135.6,174709.8,159098.5,150290,140758.6,135923.3,129165.2,120964.9,113860.3,104499.8,120163,124630,122407.8,119911.6,120050.6,127160.2,122757.1,117381.8,114772.4,118543.1,110373.9,107836,108960.3,110219.4,103379.7,101435.4,99989.4,103300.5,100045.9,98184.1,97656.9,98193.6,94057,92709.5,92238.7,93849.3,90587.5,89687.8,88574.9,89123.9,85067.3,87032.6,86394.4,85384.6,83204.4,81112,81699.8,81411.1,77198.3,76551,73886.6,72610.2,68891.6,64956.7,61994.4,63621.8,66311.8,64702.7,65073.3,68027.7,65692.4,63221.2,60236.5,60729.5,57409.2,54877.4,53271.3,54810.2,51550,48950.2,47916.4,49254,46887.4,44574.8,44022.6,42993.3,40399.9,37726,39871.3,40247.9,39473.1,39009.1,38341.2,37605.3,37150.4,37674.6,38891.7,41611.8,40053.6,37102.9,35626.2,36324.9,34944.2,33991.9,32254.6,34127.8,34002.5,33908.5,34149.8,36739,35842.3,34219.6,32695.8,33903.4,31727.8,31074,30631.3,31356.4,29966,28151.7,26594.7,28353.1,26875.8,25288.1,24508.7,25272,23533,22339.3,21215.1,21836.3,20560.3,19359.5,18872.4,19860.4,19236.2,18306.5,17750.7,18034.2,17204,16314.4,15672.1,15812,15086.8,14233.7,12994.2,13975.8,13194.3,12363.8,11515.3,11916.2,11224.3,10619.5,9978.6,10497.5,9929.7,9655.5,9363.6,9665.8,9815.1,9825.2,10018.3,10512.6,10270.8,9857.2,9529.3,9740,9455.3,8997.4,8458.9,8779,8323.3,7917.8,7771.1,7950.5,7563.6,7048.5,6696.5,6736.3,6370.4,6025.9,5777.1,5624.8,5250.8,4874.5,4574.9,4801.8,4516.2,4216.3,4113,4187.3,4016,3820.2,3723.2,3848.9,3715.6,3493.4,3409.4,3562.9,3396.9,3194,3087.1
  Add: Taxes On Products,10618.8,11194.6,9977,10255.6,9286,9498.8,8895.3,8136.8,8315.9,8375.1,8045.6,7979.5,7404.5,8460.6,7526.8,7282.7,7145.9,7013,5802.9,3270.4,6184.5,6787.1,6560.7,6412.8,6383.8,6587.4,6275.9,6903.1,6842.4,7966.2,7227.8,6803.5,6876.3,6747.9,6791,6388.8,6654.7,6163.7,6180.1,6217.6,5695.3,5711.6,5474.6,5614.8,4948.1,5624.2,5379.4,5870.9,5296.3,5751.3,5109.8,5526.9,4764.3,5039.7,4966.7,5163.4,4797.3,4683.4,4650.9,4622.4,3976.4,4009.8,3776.3,3369.2,2786.3,3085.2,3764.1,3742.2,3640.5,4128.7,4312.8,3752.8,3325.5,2647,2294.2,2409.1,2521.1,2503.6,2162.8,2243.1,2586.7,2590.4,2340.2,2156.3,2607.3,2281.7,2194,2403.5,2248.2,2130,1973.1,2315.6,2208.1,2207.9,2282.4,2505.6,2567.7,2755.8,2896.2,2947.3,2638.6,2352.6,2522.1,2206.9,1655.3,1611.6,1881.9,1946.2,1846.6,2042.9,2409.3,2620.8,2094.7,2010,2182.7,2105,2143,2003.9,2104.8,1953.7,2332.1,1920,2169.2,1660.9,1779.6,1482.9,1447.3,1294.4,1339.1,1068.8,1114,1022.4,1086.5,951.7,915.4,751.6,770.3,770.8,726.1,773.3,997.4,898.4,702.4,620.6,960.4,689.2,608.7,490.9,594.3,498.3,500.9,363,448.7,376.8,358.3,305.9,405.4,356.2,404.8,355.5,421.9,392.2,398,368.6,401.7,374.7,342.5,332.1,357.1,321.8,293.8,281.2,293.2,283.6,281.6,249.8,277.9,251.7,247.5,220.7,240,225.1,210.4,187.1,193.6,178.9,179.6,160.5,171.1,156.9,156.4,142.9,150.3,142.7,130.9,126.8,135.7,130.1,122.4,113,122.3
,,,,,,,,,,,,,,,,,,,,,,,,,,,,,,,,,,,,,,,,,,,,,,,,,,,,,,,,,,,,,,,,,,,,,,,,,,,,,,,,,,,,,,,,,,,,,,,,,,,,,,,,,,,,,,,,,,,,,,,,,,,,,,,,,,,,,,,,,,,,,,,,,,,,,,,,,,,,,,,,,,,,,,,,,,,,,,,,,,,,,,,,,,,,,,,,,,,,,,,,,
Definitions and Footnotes:,,,,,,,,,,,,,,,,,,,,,,,,,,,,,,,,,,,,,,,,,,,,,,,,,,,,,,,,,,,,,,,,,,,,,,,,,,,,,,,,,,,,,,,,,,,,,,,,,,,,,,,,,,,,,,,,,,,,,,,,,,,,,,,,,,,,,,,,,,,,,,,,,,,,,,,,,,,,,,,,,,,,,,,,,,,,,,,,,,,,,,,,,,,,,,,,,,,,,,,,,
"Data may not add up to the total due to rounding.  For more information on national accounts methodologies, please visit Singstat website (www.singstat.gov.sg/find-data/search-by-theme/economy/national-accounts/publications-and-methodology) to view and download related publications.",,,,,,,,,,,,,,,,,,,,,,,,,,,,,,,,,,,,,,,,,,,,,,,,,,,,,,,,,,,,,,,,,,,,,,,,,,,,,,,,,,,,,,,,,,,,,,,,,,,,,,,,,,,,,,,,,,,,,,,,,,,,,,,,,,,,,,,,,,,,,,,,,,,,,,,,,,,,,,,,,,,,,,,,,,,,,,,,,,,,,,,,,,,,,,,,,,,,,,,,,
GDP At Current Market Prices -> Goods Producing Industries -> Other Goods Industries (Million Dollars):,,,,,,,,,,,,,,,,,,,,,,,,,,,,,,,,,,,,,,,,,,,,,,,,,,,,,,,,,,,,,,,,,,,,,,,,,,,,,,,,,,,,,,,,,,,,,,,,,,,,,,,,,,,,,,,,,,,,,,,,,,,,,,,,,,,,,,,,,,,,,,,,,,,,,,,,,,,,,,,,,,,,,,,,,,,,,,,,,,,,,,,,,,,,,,,,,,,,,,,,,
"Other goods industries comprise agriculture, fishing and quarrying.",,,,,,,,,,,,,,,,,,,,,,,,,,,,,,,,,,,,,,,,,,,,,,,,,,,,,,,,,,,,,,,,,,,,,,,,,,,,,,,,,,,,,,,,,,,,,,,,,,,,,,,,,,,,,,,,,,,,,,,,,,,,,,,,,,,,,,,,,,,,,,,,,,,,,,,,,,,,,,,,,,,,,,,,,,,,,,,,,,,,,,,,,,,,,,,,,,,,,,,,,
GDP At Current Market Prices -> Services Producing Industries -> Other Services Industries -> Other Services - Others (Million Dollars):,,,,,,,,,,,,,,,,,,,,,,,,,,,,,,,,,,,,,,,,,,,,,,,,,,,,,,,,,,,,,,,,,,,,,,,,,,,,,,,,,,,,,,,,,,,,,,,,,,,,,,,,,,,,,,,,,,,,,,,,,,,,,,,,,,,,,,,,,,,,,,,,,,,,,,,,,,,,,,,,,,,,,,,,,,,,,,,,,,,,,,,,,,,,,,,,,,,,,,,,,
"Comprise Activities of membership organisations, Repair of computers, personal, household goods & vehicles, Other personal services and Activities of households as employers of domestic personnel.",,,,,,,,,,,,,,,,,,,,,,,,,,,,,,,,,,,,,,,,,,,,,,,,,,,,,,,,,,,,,,,,,,,,,,,,,,,,,,,,,,,,,,,,,,,,,,,,,,,,,,,,,,,,,,,,,,,,,,,,,,,,,,,,,,,,,,,,,,,,,,,,,,,,,,,,,,,,,,,,,,,,,,,,,,,,,,,,,,,,,,,,,,,,,,,,,,,,,,,,,
,,,,,,,,,,,,,,,,,,,,,,,,,,,,,,,,,,,,,,,,,,,,,,,,,,,,,,,,,,,,,,,,,,,,,,,,,,,,,,,,,,,,,,,,,,,,,,,,,,,,,,,,,,,,,,,,,,,,,,,,,,,,,,,,,,,,,,,,,,,,,,,,,,,,,,,,,,,,,,,,,,,,,,,,,,,,,,,,,,,,,,,,,,,,,,,,,,,,,,,,,
Gross Domestic Product:,,,,,,,,,,,,,,,,,,,,,,,,,,,,,,,,,,,,,,,,,,,,,,,,,,,,,,,,,,,,,,,,,,,,,,,,,,,,,,,,,,,,,,,,,,,,,,,,,,,,,,,,,,,,,,,,,,,,,,,,,,,,,,,,,,,,,,,,,,,,,,,,,,,,,,,,,,,,,,,,,,,,,,,,,,,,,,,,,,,,,,,,,,,,,,,,,,,,,,,,,
"Aggregate value of the goods and services produced in the economic territory of Singapore. The GDP estimates are compiled based on the output (or production), expenditure and income approaches. See Output-based GDP, Expenditure-based GDP and Income-based GDP.",,,,,,,,,,,,,,,,,,,,,,,,,,,,,,,,,,,,,,,,,,,,,,,,,,,,,,,,,,,,,,,,,,,,,,,,,,,,,,,,,,,,,,,,,,,,,,,,,,,,,,,,,,,,,,,,,,,,,,,,,,,,,,,,,,,,,,,,,,,,,,,,,,,,,,,,,,,,,,,,,,,,,,,,,,,,,,,,,,,,,,,,,,,,,,,,,,,,,,,,,
Market Prices:,,,,,,,,,,,,,,,,,,,,,,,,,,,,,,,,,,,,,,,,,,,,,,,,,,,,,,,,,,,,,,,,,,,,,,,,,,,,,,,,,,,,,,,,,,,,,,,,,,,,,,,,,,,,,,,,,,,,,,,,,,,,,,,,,,,,,,,,,,,,,,,,,,,,,,,,,,,,,,,,,,,,,,,,,,,,,,,,,,,,,,,,,,,,,,,,,,,,,,,,,
"The actual price agreed upon by the parties in the transactions. In the absence of market transactions, valuation is made according to costs incurred or by reference to market prices for similar goods or services.",,,,,,,,,,,,,,,,,,,,,,,,,,,,,,,,,,,,,,,,,,,,,,,,,,,,,,,,,,,,,,,,,,,,,,,,,,,,,,,,,,,,,,,,,,,,,,,,,,,,,,,,,,,,,,,,,,,,,,,,,,,,,,,,,,,,,,,,,,,,,,,,,,,,,,,,,,,,,,,,,,,,,,,,,,,,,,,,,,,,,,,,,,,,,,,,,,,,,,,,,
Taxes on Products:,,,,,,,,,,,,,,,,,,,,,,,,,,,,,,,,,,,,,,,,,,,,,,,,,,,,,,,,,,,,,,,,,,,,,,,,,,,,,,,,,,,,,,,,,,,,,,,,,,,,,,,,,,,,,,,,,,,,,,,,,,,,,,,,,,,,,,,,,,,,,,,,,,,,,,,,,,,,,,,,,,,,,,,,,,,,,,,,,,,,,,,,,,,,,,,,,,,,,,,,,
"Refers to taxes payable per unit of good and services when they are produced, delivered, sold, transferred or otherwise disposed of by their producers.",,,,,,,,,,,,,,,,,,,,,,,,,,,,,,,,,,,,,,,,,,,,,,,,,,,,,,,,,,,,,,,,,,,,,,,,,,,,,,,,,,,,,,,,,,,,,,,,,,,,,,,,,,,,,,,,,,,,,,,,,,,,,,,,,,,,,,,,,,,,,,,,,,,,,,,,,,,,,,,,,,,,,,,,,,,,,,,,,,,,,,,,,,,,,,,,,,,,,,,,,
Value Added:,,,,,,,,,,,,,,,,,,,,,,,,,,,,,,,,,,,,,,,,,,,,,,,,,,,,,,,,,,,,,,,,,,,,,,,,,,,,,,,,,,,,,,,,,,,,,,,,,,,,,,,,,,,,,,,,,,,,,,,,,,,,,,,,,,,,,,,,,,,,,,,,,,,,,,,,,,,,,,,,,,,,,,,,,,,,,,,,,,,,,,,,,,,,,,,,,,,,,,,,,
"Gross value added is derived by the output or income approach. 
The output approach measures value added as output less intermediate consumption. Output refers to the value of goods and services produced  while intermediate consumption is value of goods and services consumed as inputs by a process of production, e.g. materials, utilities, fuel, rental paid for premises and equipment, banking and financial charges and other operating costs.
The income approach derives value added as the sum of incomes generated from the domestic production of goods and services, which comprise gross operating surplus, remuneration and taxes (less subsidies) on production. ",,,,,,,,,,,,,,,,,,,,,,,,,,,,,,,,,,,,,,,,,,,,,,,,,,,,,,,,,,,,,,,,,,,,,,,,,,,,,,,,,,,,,,,,,,,,,,,,,,,,,,,,,,,,,,,,,,,,,,,,,,,,,,,,,,,,,,,,,,,,,,,,,,,,,,,,,,,,,,,,,,,,,,,,,,,,,,,,,,,,,,,,,,,,,,,,,,,,,,,,,
,,,,,,,,,,,,,,,,,,,,,,,,,,,,,,,,,,,,,,,,,,,,,,,,,,,,,,,,,,,,,,,,,,,,,,,,,,,,,,,,,,,,,,,,,,,,,,,,,,,,,,,,,,,,,,,,,,,,,,,,,,,,,,,,,,,,,,,,,,,,,,,,,,,,,,,,,,,,,,,,,,,,,,,,,,,,,,,,,,,,,,,,,,,,,,,,,,,,,,,,,
Notation:,,,,,,,,,,,,,,,,,,,,,,,,,,,,,,,,,,,,,,,,,,,,,,,,,,,,,,,,,,,,,,,,,,,,,,,,,,,,,,,,,,,,,,,,,,,,,,,,,,,,,,,,,,,,,,,,,,,,,,,,,,,,,,,,,,,,,,,,,,,,,,,,,,,,,,,,,,,,,,,,,,,,,,,,,,,,,,,,,,,,,,,,,,,,,,,,,,,,,,,,,
na   not available or not applicable,,,,,,,,,,,,,,,,,,,,,,,,,,,,,,,,,,,,,,,,,,,,,,,,,,,,,,,,,,,,,,,,,,,,,,,,,,,,,,,,,,,,,,,,,,,,,,,,,,,,,,,,,,,,,,,,,,,,,,,,,,,,,,,,,,,,,,,,,,,,,,,,,,,,,,,,,,,,,,,,,,,,,,,,,,,,,,,,,,,,,,,,,,,,,,,,,,,,,,,,,
nec  not elsewhere classified,,,,,,,,,,,,,,,,,,,,,,,,,,,,,,,,,,,,,,,,,,,,,,,,,,,,,,,,,,,,,,,,,,,,,,,,,,,,,,,,,,,,,,,,,,,,,,,,,,,,,,,,,,,,,,,,,,,,,,,,,,,,,,,,,,,,,,,,,,,,,,,,,,,,,,,,,,,,,,,,,,,,,,,,,,,,,,,,,,,,,,,,,,,,,,,,,,,,,,,,,
nes  not elsewhere specified,,,,,,,,,,,,,,,,,,,,,,,,,,,,,,,,,,,,,,,,,,,,,,,,,,,,,,,,,,,,,,,,,,,,,,,,,,,,,,,,,,,,,,,,,,,,,,,,,,,,,,,,,,,,,,,,,,,,,,,,,,,,,,,,,,,,,,,,,,,,,,,,,,,,,,,,,,,,,,,,,,,,,,,,,,,,,,,,,,,,,,,,,,,,,,,,,,,,,,,,,
 -     nil or negligible or not significant,,,,,,,,,,,,,,,,,,,,,,,,,,,,,,,,,,,,,,,,,,,,,,,,,,,,,,,,,,,,,,,,,,,,,,,,,,,,,,,,,,,,,,,,,,,,,,,,,,,,,,,,,,,,,,,,,,,,,,,,,,,,,,,,,,,,,,,,,,,,,,,,,,,,,,,,,,,,,,,,,,,,,,,,,,,,,,,,,,,,,,,,,,,,,,,,,,,,,,,,,
Notes,,,,,,,,,,,,,,,,,,,,,,,,,,,,,,,,,,,,,,,,,,,,,,,,,,,,,,,,,,,,,,,,,,,,,,,,,,,,,,,,,,,,,,,,,,,,,,,,,,,,,,,,,,,,,,,,,,,,,,,,,,,,,,,,,,,,,,,,,,,,,,,,,,,,,,,,,,,,,,,,,,,,,,,,,,,,,,,,,,,,,,,,,,,,,,,,,,,,,,,,,
Numbers may not add up to the totals due to rounding.,,,,,,,,,,,,,,,,,,,,,,,,,,,,,,,,,,,,,,,,,,,,,,,,,,,,,,,,,,,,,,,,,,,,,,,,,,,,,,,,,,,,,,,,,,,,,,,,,,,,,,,,,,,,,,,,,,,,,,,,,,,,,,,,,,,,,,,,,,,,,,,,,,,,,,,,,,,,,,,,,,,,,,,,,,,,,,,,,,,,,,,,,,,,,,,,,,,,,,,,,
"Data are the latest available at the time of access or download. Some statistics, particularly those for the most recent time periods, are provisional and may be subject to revision at a later date.",,,,,,,,,,,,,,,,,,,,,,,,,,,,,,,,,,,,,,,,,,,,,,,,,,,,,,,,,,,,,,,,,,,,,,,,,,,,,,,,,,,,,,,,,,,,,,,,,,,,,,,,,,,,,,,,,,,,,,,,,,,,,,,,,,,,,,,,,,,,,,,,,,,,,,,,,,,,,,,,,,,,,,,,,,,,,,,,,,,,,,,,,,,,,,,,,,,,,,,,,
Values are shown in Singapore dollars (unless otherwise specified).,,,,,,,,,,,,,,,,,,,,,,,,,,,,,,,,,,,,,,,,,,,,,,,,,,,,,,,,,,,,,,,,,,,,,,,,,,,,,,,,,,,,,,,,,,,,,,,,,,,,,,,,,,,,,,,,,,,,,,,,,,,,,,,,,,,,,,,,,,,,,,,,,,,,,,,,,,,,,,,,,,,,,,,,,,,,,,,,,,,,,,,,,,,,,,,,,,,,,,,,,
,,,,,,,,,,,,,,,,,,,,,,,,,,,,,,,,,,,,,,,,,,,,,,,,,,,,,,,,,,,,,,,,,,,,,,,,,,,,,,,,,,,,,,,,,,,,,,,,,,,,,,,,,,,,,,,,,,,,,,,,,,,,,,,,,,,,,,,,,,,,,,,,,,,,,,,,,,,,,,,,,,,,,,,,,,,,,,,,,,,,,,,,,,,,,,,,,,,,,,,,,
Generated by: SingStat Table Builder,,,,,,,,,,,,,,,,,,,,,,,,,,,,,,,,,,,,,,,,,,,,,,,,,,,,,,,,,,,,,,,,,,,,,,,,,,,,,,,,,,,,,,,,,,,,,,,,,,,,,,,,,,,,,,,,,,,,,,,,,,,,,,,,,,,,,,,,,,,,,,,,,,,,,,,,,,,,,,,,,,,,,,,,,,,,,,,,,,,,,,,,,,,,,,,,,,,,,,,,,
Date generated: 20/07/2025,,,,,,,,,,,,,,,,,,,,,,,,,,,,,,,,,,,,,,,,,,,,,,,,,,,,,,,,,,,,,,,,,,,,,,,,,,,,,,,,,,,,,,,,,,,,,,,,,,,,,,,,,,,,,,,,,,,,,,,,,,,,,,,,,,,,,,,,,,,,,,,,,,,,,,,,,,,,,,,,,,,,,,,,,,,,,,,,,,,,,,,,,,,,,,,,,,,,,,,,,
Contact: info@singstat.gov.sg,,,,,,,,,,,,,,,,,,,,,,,,,,,,,,,,,,,,,,,,,,,,,,,,,,,,,,,,,,,,,,,,,,,,,,,,,,,,,,,,,,,,,,,,,,,,,,,,,,,,,,,,,,,,,,,,,,,,,,,,,,,,,,,,,,,,,,,,,,,,,,,,,,,,,,,,,,,,,,,,,,,,,,,,,,,,,,,,,,,,,,,,,,,,,,,,,,,,,,,,,