,,,,,,,,,,,,,,,,,,,,,,,,
Theme: Economy & Prices,,,,,,,,,,,,,,,,,,,,,,,,
Subject: International Investment Position (IIP),,,,,,,,,,,,,,,,,,,,,,,,
"Topic: Singapore's Portfolio Investment Assets",,,,,,,,,,,,,,,,,,,,,,,,
"Table Title: Singapore's Portfolio Investment Assets By Destination Economy And Instrument, (End Of Period), Annual",,,,,,,,,,,,,,,,,,,,,,,,
,,,,,,,,,,,,,,,,,,,,,,,,
Data last updated: 18/07/2025,,,,,,,,,,,,,,,,,,,,,,,,
Source: SINGAPORE DEPARTMENT OF STATISTICS,,,,,,,,,,,,,,,,,,,,,,,,
,,,,,,,,,,,,,,,,,,,,,,,,
,,,,,,,,,,,,,,,,,,,,,,,,Million Dollars
Data Series,2024 ,2023 ,2022 ,2021 ,2020 ,2019 ,2018 ,2017 ,2016 ,2015 ,2014 ,2013 ,2012 ,2011 ,2010 ,2009 ,2008 ,2007 ,2006 ,2005 ,2004 ,2003 ,2002 ,2001 
"Singapore's Portfolio Investment Assets - Total (Instrument)",2689998.3,2472968.3,2317673.3,2378545.9,2211233.2,2055792,1722432.6,1708445.9,1496019.4,1368941.2,1264242.9,1154112.1,981244.5,794263.8,758254.8,652963.4,531972.3,733236,579427.4,471215.9,421090.1,376738.4,247655.6,207840.1
  Asia,903629.2,889308.5,876991.7,878834.2,911769.4,833508.3,684960.1,666995.8,552175.6,526993,510870.4,468295.3,417548.6,304190.9,291475.8,239404.3,203319.3,255453.5,183782,145689.6,109934.1,82110.3,59628.1,61486.1
    Mainland China,233545.9,232390,235223,268412.1,287273.5,206578.4,151370.4,164457.6,124203.5,133380.8,120227,90402.8,70697,56940.8,51936.5,44599.5,37707.3,26050.4,15868.6,11724.2,5643.5,5383.5,2960,2971.2
    Hong Kong,52184.5,55882.2,67708.8,69803.6,60716.1,56084.1,46104.5,48352.6,36176.6,37261.6,40452.1,46474.2,27769.3,18428.8,19134.7,15404.7,22383.3,31886.4,35955.7,27886.4,14285.4,11760.2,7631.9,8826.1
    India,137686.1,131945.6,117013,122821.4,96706.2,84904.4,76106.2,77647,58507.6,71586.2,79373,54831.5,68205.8,42090.3,37898.4,36216.1,23296.3,31905.6,11191,5194.9,5194.5,2856.8,1230.7,1146.8
    Indonesia,62251.7,65052.3,41945.8,37135.6,37186.3,42033.8,35091.6,35074.5,25673,21402,24045.4,20149.3,32341.6,20449.2,26960.9,14859.7,7643.4,16548.3,10904.9,8481.4,5150.9,3621.6,3926,1454.2
    Japan,158683.1,138625,176394.5,146497.8,208873.7,na,na,na,na,na,na,na,na,na,na,na,-,-,-,-,-,-,-,-
    Republic Of Korea,100500.5,115784.9,98440.8,102278.4,106245,79564.1,66816.8,63059.6,51741.3,50519,57311.3,51358.4,57430.1,52307.8,39653.2,43819.5,33559.4,40026,26829.3,22761,17766.4,14905.2,8898.6,6970.9
    Malaysia,35315.1,32466.6,30183.9,27672.1,24019.2,23888.7,22560.5,23490.3,26014.6,24967.2,32718.7,43471.4,34529.4,21213.6,18851.4,14005.1,17293.6,29248.9,19185.1,21599,22680.5,14598.8,12807,12679.1
    Myanmar,na,na,na,na,na,na,497.8,384,641.4,443.7,92.8,na,na,na,na,na,na,na,na,3.7,3.8,8.7,8.7,10.1
    Philippines,9554.5,9987.5,7996.7,7422.3,10581.3,na,9536.6,7930.5,9175.2,7734,9135.1,11539.2,7432.4,5912,4891.2,3404,2811.1,3501.1,2790.1,1739.8,1744.5,1897.5,2118.8,2547.4
    Taiwan,na,na,na,na,na,na,22599.2,22356.2,24729.7,21040.9,24574.8,22595.3,22552.3,16821.8,20720.1,12796.7,8183.6,9268,8544.1,7616.1,7383.3,5355.6,4014.8,2660.3
    Thailand,15384.5,14735.7,17782.1,13593.4,12765.9,13478.1,15972.5,15856.5,12454.9,10654.2,10924.3,14609.4,14754.7,9479.2,10319.9,5689.9,5128,8040.5,7978.1,8363.8,6397.9,5985,3904.5,4469.7
    Viet Nam,na,na,na,na,na,na,na,na,2350,1421.9,2230.1,723,466.2,417.2,422.1,831,1378,2046.3,421.7,102.9,19.9,11.2,38.6,46.3
  Europe,404371.1,394937.4,366266.3,405083.7,390273.9,377209.2,319339.9,319354.6,279639.2,250540,245181.3,246115.2,195118.2,147468.8,196585,192183.7,150349.5,230955.9,201572.3,155910.9,150704.4,141422.8,98675.2,73980.3
    Germany,na,na,na,na,51939.2,na,na,42631.8,36004.9,33930.1,33084,34205.3,30881.5,na,na,na,17779.3,30752.3,25941.4,20068.3,14848.5,16338.2,17029.7,12007.4
    Ireland,32962,35320.2,na,32254.2,na,na,16826.9,15018.5,11031.1,10202.8,8623.1,7833.6,2840.4,2197.7,3141.9,3789.4,4500.3,5317.8,4810.1,4005.7,3825.9,3757.6,3554.5,2825.2
    Luxembourg,42739.1,45827.1,43288.3,47807.6,44686.4,38289.1,35912.6,36321.9,32860.8,29080.6,23272.1,26298.3,21104.2,7649.6,12418.1,5014.3,2706,6019.1,10122.7,6808.6,6061.3,7676.8,5652.3,2088.6
    Netherlands,20544,19428.5,14060.7,19427.2,20738.8,19473.6,16800.6,na,na,na,na,na,na,na,na,na,na,na,na,na,na,na,na,na
    Spain,10281.7,na,na,na,na,na,na,9848.1,7961.1,na,na,na,na,na,na,na,na,na,na,na,na,na,na,na
    Switzerland,19587.4,22646.4,20996.7,18041.7,na,17186.2,na,13820,na,na,na,na,na,na,na,na,na,na,na,na,na,na,na,na
    United Kingdom,77867.7,71634.3,67980.2,78575.1,69726.1,63147.3,52081.4,56781.3,53933.2,49363.9,56385,52262.5,53675.9,51590.7,72178.9,80748,73289,98434.1,78958.8,67262.9,60092.8,50253.2,36245.6,30512.3
  North America,1003910.5,802551.3,728410.5,759381.7,607719.2,566526,481931.5,490381,488123.1,444159.6,372698.9,319134.8,na,na,na,na,114919.2,158191.6,124666.1,118167.3,113952.1,113659.5,61450.6,45906.7
    Canada,36893,35281.5,31851.9,32064.6,30141.5,26678.2,21423.7,27474.9,30585.7,22877.3,18701.1,15965.9,na,na,na,na,4660.7,7292.9,5810.1,5191.1,4383.1,5943.3,3947.4,3384.7
    United States Of America,959437.8,759514.1,688559.1,720760.9,571555.6,534397.1,456829.2,461640.6,457531.5,421282.3,353997.8,303168.9,243940.7,212631.6,171255.5,133520.7,110237.7,150300.2,118639.8,112622.9,108109.4,106957.2,57427.2,42522
  Oceania,85281.6,85171.9,69965.5,64895.5,59725.2,48473,37971.2,42408,43566.1,32531.3,38137.4,39500.4,35680.8,35152.3,36485,40115.4,30019.9,47218.2,34544.1,29101.9,23697.3,20024,16589,13864.4
    Australia,80064.1,78762.3,65099.9,61080.8,56933,45164.2,36781.3,41281.4,42403.6,31444.7,36839.3,38690.8,33672.8,32100.6,34988.9,38624.7,29058.5,46005.7,33201.7,28177.3,23031.2,18637.4,14077.4,11606.5
    New Zealand,5051.6,6348.1,na,na,2671.8,3159,na,na,na,981,1179.1,702.1,na,2856.3,1228.8,1408.7,828,1148,1312.2,898.3,665.4,1383.3,2485.7,2231.8
  South And Central America And The Caribbean,169521.2,175290.5,160587,153773,157466.5,144349.6,125314.4,116640.2,95988.4,77726.7,68228.2,60176,53485.7,61617.6,36748.9,27941.9,20754,29200,23399.2,16857,15684.6,12258.6,7350.9,9360.7
    Bermuda,na,na,14906,14637.8,na,na,9308.5,na,10730.8,11794.9,10416.4,10644.2,11516.1,7689.2,9099.7,9296.9,5746.7,10626.7,7584.6,5884.8,6495.6,5275.1,3234.7,3553.7
    British Virgin Islands,21950.3,11871.4,13563.7,19810.7,24209.1,19995,22413.7,17930.5,11820.6,10086.7,6703,4194.5,2241.9,na,1490.6,1015,1010.8,1077.4,1050.6,1020.1,1063.6,993.4,538.6,406.4
    Cayman Islands,95661,103283.2,89755.9,91955.8,95186.3,76122.3,65060.7,60244.6,41975.7,31013.6,20850.6,13750.1,10884.2,9574.6,10266.2,10200,9524.1,11344.4,11295.6,8253.5,6611.9,4999.6,2800.2,4158.3
  Africa,9534.2,12439.7,13956.1,11984.4,12215.5,13753.6,14591,19599.9,19975.1,na,na,12603.8,na,10233.8,6791.1,na,na,2573.8,3615.1,1112.7,724.1,1026.4,1229.3,691.2
    Mauritius,1602.4,1876.6,2254.1,na,na,na,na,na,na,na,2100.3,1604.8,1724.4,1477.5,1431.6,na,1072,526.2,2238.4,328,195.8,149.4,146.9,123.8
  ASEAN,128471.8,127976.9,104609.6,92661.8,91028.9,91752.8,87406,85617.2,76326.1,66646,79148.2,90504.2,89540.4,57474.8,62045.8,38798.8,34647.9,62809.2,45462.1,41390.6,36533,26339.3,22932.8,21296.1
  European Union (EU-27),245182.4,240337.7,218503.1,238810.9,242439.1,244321.6,209199.6,207077.1,176805.6,158785.8,147847,150377.3,118196.2,82508.9,106087.9,98047.9,66450.8,112628.5,96436,74759.4,77709.5,81793.8,51588.6,37990
"Singapore's Portfolio Investment Assets - Equity And Investment Fund Shares (Instrument)",1562621.5,1473781.5,1353253.4,1407932.4,1211239.2,1092954.2,880592.3,892201.2,757748,692311,636568.8,592231.9,521340.3,399312.5,381178.3,292762.1,258699.4,372834,273140.4,214149.8,174656.2,150359.6,77674.2,62224.6
  Asia,542559.4,540652,512516.8,527546.9,495623.3,429170.9,348866.1,345301.1,304792.4,296544.5,254397.3,218607.3,216597.5,152730,153716.1,126158.1,130134.1,159444.5,116599.6,94091.6,69582.4,51288.5,30608.7,28327
    Mainland China,142891.4,139979.4,156317.4,170093.3,181221.4,138912.3,107500.6,111915.4,91929.7,101467.4,79687.1,69374.5,65426.3,52180.8,49997.3,41956.5,35226.6,24235.9,14201.8,9928.6,4493.6,4219.7,1991.3,1932.7
    Hong Kong,33578.8,38458.6,46849.8,48197,37668.6,34651.8,26883.9,28412.6,20243.4,19175,16505.8,15435.5,13969.4,9074.9,10661.6,8662,15877.6,24770.9,29662.1,22314.4,10420.7,7517.1,4382.9,5708.2
    India,108718.3,107311.4,94229.9,93522.7,67639.3,54540.5,45891.4,47807.9,40737.7,43288,39349.6,23439.9,26147.9,15352.4,19204.9,25523.6,15071.7,25085.6,7677.8,3104.2,2906.1,1803.2,673.7,440.1
    Indonesia,35383.9,41767.4,27794.7,20569,15274.9,18345.3,17554.5,13243.3,11705.4,9155.4,9894.7,8319.8,17911.7,6247.2,6010.5,3474.5,2639.7,5832,2433.9,2432.3,2547.5,1363.2,2353,573.5
    Japan,78405,63180,51395.8,60291.1,66931.1,74150.8,58961,54803.8,48268.3,na,na,na,na,na,na,na,-,-,-,-,-,-,-,-
    Republic Of Korea,30267.7,44244.7,36571.8,42311.6,50192,38028.4,34960.5,37073.9,34443.3,31473.6,28011.5,27039.3,27728.6,19784,16254.9,11725.6,11063.8,16155.7,12980.8,11919.5,9422.6,6035.8,2652.8,2049.3
    Malaysia,11284.1,9187.4,9483.8,8658.9,6687.9,7212.9,7885.1,8043.9,9301.1,8257,10215.9,10548.1,10059.2,9131,8949.4,5477.4,9265.5,13622.8,10288.6,11888.6,11099.9,7663.9,7426.2,8644.5
    Myanmar,2.7,97.1,373.9,506.8,717.1,644.8,497.8,384,641.4,443.7,92.8,na,na,na,na,na,na,na,na,3.7,3.8,8.7,8.7,10.1
    Philippines,6405.8,7243.8,5723.3,4614,5166.3,4193.3,3577.3,3202.7,4645.9,4266.8,3785.5,2374.5,3337.1,1961.6,1601.5,916,871.1,1389.3,955,619.5,664.6,617,488.5,781.1
    Taiwan,na,na,na,na,na,na,22564.4,22264.3,24465.1,20505.2,20107.6,16855.3,16994.3,13481.7,12930.1,8372,6318.9,8341.9,7641.1,6503.2,5074,4337.5,2124.7,1862.4
    Thailand,9711.9,9708.5,11195.3,8648.2,7901.4,9593,9174.9,7930.8,8694.3,7257.7,7353.7,10375.2,6784.5,4622.2,4387.8,3000.1,3643.6,5669.7,5792.9,6267.5,5071.2,4331.4,2594.3,2825.7
    Viet Nam,5423.6,5103.3,5871.7,7595.1,5537.6,3591.2,3650.1,2612.4,2083.6,1121.8,1494.6,321.9,271,292.7,242.7,592.7,354.9,676.5,271.9,47.5,19.9,11.2,38.6,46.3
  Europe,256703.1,257557.5,243673.5,264969.5,237809.4,225581.5,173147.9,171222.4,143273.5,131040.5,123088.1,128902.7,96206.2,74271.3,73687,57018.2,45668.3,90485.5,62221.2,42951,38566.4,32506.9,18111.3,13264.3
    Germany,17211.3,16637,16643.6,16149.4,20796.8,18976.2,15581.5,13850.5,9920.5,8644.2,8050.6,10232.1,11345.1,na,na,na,2692.9,8269.6,4237.5,2865.7,2374.5,1954.9,632.1,796
    Ireland,30680,33671.7,28191.2,30073,23794.6,22027.4,15026.2,12712.6,9427.4,8696.9,7361.6,7221.7,2428.8,1313.5,1580.6,1395,1054.9,938.2,1156.4,1295.7,992.6,474.4,1209.4,1181.5
    Luxembourg,37172.9,40852.5,39456.5,43688.3,37699.2,32968.3,23548,22664.7,17931.4,16655,14643.7,11647.4,8220.1,4426.8,4210.9,3571.2,1489.3,4710.5,4436,1145.3,1232.4,2199.7,1401.4,801.9
    Netherlands,11247.5,10440.4,6297.8,9599,9590.5,8419.2,6658,na,na,na,na,na,na,na,na,na,na,na,na,na,na,na,na,na
    Spain,7204.6,6733.2,6264.4,6309.1,7630.1,9293.5,7112.1,8058.3,6129.6,na,na,na,na,na,na,na,na,na,na,na,na,na,na,na
    Switzerland,13591.9,16963.6,15824.4,14541,17746.4,13315.3,9155.5,10358.8,na,na,na,na,na,na,na,na,na,na,na,na,na,na,na,na
    United Kingdom,42902,40566.3,43426.8,46147,34717.4,32787.6,26676,28500.3,26062.1,26568.6,27327.8,28637.7,24679,23572.9,23439.2,16791,21748.4,35033.9,16613.2,16842,15382.5,12224.2,7215.5,5537.7
  North America,521803.9,404284.1,354583.9,381217.6,268561.4,247582,198623.5,217484.8,206202.8,182753.7,180687.9,171177.5,na,na,na,na,60684.3,83230.8,66928.5,61354.4,48788.8,51143.3,21742.9,14559
    Canada,17471.5,16314.1,17938.6,16399.3,10501.7,10834.8,8829.8,11937.4,15441.3,10431.3,12031.7,11418.3,na,na,na,na,2864.2,4688.1,3131.5,2500.5,1948.3,2082.1,674.7,331
    United States Of America,496753.7,380216.8,328648.4,358266.3,252037.8,231296.5,186115.2,204281.9,190757.6,172322.4,168656.2,159759.2,133215.4,109621.2,95576.7,68942.1,57820.1,77950,63580.8,58500.6,45408.2,48330.5,20995,14228.1
  Oceania,41900.5,43311.1,37451.8,37360,28953.8,22400.5,15420.7,16610.4,17261.5,11382.4,15318.3,17802.8,13992.3,11616.7,13527.5,10544.2,4137.7,13562.8,6443.9,5325.4,5090,4506.3,2356.2,1302
    Australia,40411.6,42080.1,36065.7,35109.4,27343.7,20832.7,14946.4,15980.4,16990.6,11221.8,15000.6,17627.5,13908.2,11360.6,13252.4,10391.1,3927.1,13019.8,6281.5,5286.5,4975.7,4328.7,2203.5,1203.7
    New Zealand,1445.5,1182.8,1342.8,1994,1562.1,1481,466.8,539.4,176.5,131.7,278,125.3,48.2,86.6,30.1,71.1,94.9,503.3,136.3,26.4,113.6,177.6,152.7,98.3
  South And Central America And The Caribbean,105546.4,133004.2,115988.8,102793.7,107947.8,98896.7,81843.5,77818.8,66386.5,51765.7,45772.8,43215.7,38405.2,31810.2,27694.9,20018,12515.3,19270.5,14242.8,8016.4,8232.5,6627.5,3595.9,3625.5
    Bermuda,12499.4,13616.9,14041.6,13699.9,8764.5,8090.7,7788.1,8693.2,9451.8,10795.9,9383.6,9580.6,10825.6,7308.3,8479.8,9177.6,5561.4,10337.6,7386.5,5689.2,6161.7,5082.1,3065.7,3291.9
    British Virgin Islands,2271.7,2742.9,2723,3247,3246.2,2076,1323.1,1013.1,608,637.2,538.9,376.2,248.1,597,637.9,455.3,435.8,443.3,454.3,415.7,491.4,594.6,61.1,40.2
    Cayman Islands,73031.1,88545.8,75777.5,74632.2,74972.9,56471.9,48300.9,44789.3,29486.5,20482.4,10827.9,7857.8,4688.3,5245.6,4705.4,4385.2,3214,4170.5,4075.2,1305.7,1202.8,506.2,337,249.7
  Africa,7299.2,9787.4,11344.9,9292.1,10753.7,12609.6,12941.8,15907.9,16359.7,14155,14434.2,11752.6,10275.8,7817.5,6214.7,2765.8,1755.2,1512.5,2843.3,531.5,449.5,222.1,145.8,98.7
    Mauritius,1048.9,1306.5,1744.7,1706.7,1127,817.8,807.9,1616,1756.5,2085.7,1824.6,1254.2,1474.3,1196.1,1430.7,na,681.7,214.8,2001.1,308.4,147.3,130.5,114.8,94.3
  ASEAN,68216.3,73112,60448.5,49091.1,41290.7,43635.9,42362.4,35442,37088.7,30524.2,32838.2,31944.4,38367.3,22258.4,21659.2,13464.7,17139.5,30465.8,23818.2,22333.8,19918.9,14164.3,13031,12952.7
  European Union (EU-27),151770,151888.4,136333.7,146214.6,138751.1,135949,97836.6,96461.3,75541.5,66475.3,60743.5,61712.5,52149.8,35877.3,36882.3,31210.8,16487.3,40661.6,25347.4,16119.6,13773,14629.5,7844,5716.5
"Singapore's Portfolio Investment Assets - Debt Securities (Instrument)",1127376.8,999186.7,964419.9,970613.4,999994.1,962837.9,841840.3,816244.7,738271.4,676630.2,627674.1,561880.2,459904.2,394951.3,377076.5,360201.3,273272.9,360402,306287,257066.1,246433.9,226378.8,169981.4,145615.5
  Asia,361069.8,348656.5,364474.9,351287.3,416146.1,404337.4,336094.1,321694.7,247383.2,230448.5,256473.2,249688,200951.1,151460.9,137759.7,113246.1,73185.2,96009,67182.5,51598.1,40351.7,30821.8,29019.3,33159.1
    Mainland China,90654.5,92410.6,78905.6,98318.8,106052.1,67666.1,43869.8,52542.2,32273.8,31913.5,40539.8,21028.3,5270.6,4760,1939.3,2643.1,2480.6,1814.5,1666.8,1795.5,1149.9,1163.8,968.7,1038.5
    Hong Kong,18605.7,17423.7,20859.1,21606.6,23047.4,21432.3,19220.7,19940,15933.2,18086.6,23946.3,31038.7,13799.8,9353.9,8473.1,6742.7,6505.8,7115.5,6293.6,5572,3864.8,4243.1,3249,3117.9
    India,28967.7,24634.2,22783.1,29298.7,29066.8,30363.9,30214.8,29839.1,17769.9,28298.2,40023.4,31391.5,42057.9,26737.9,18693.5,10692.5,8224.6,6819.9,3513.2,2090.7,2288.4,1053.6,557,706.7
    Indonesia,26867.9,23284.9,14151.1,16566.6,21911.4,23688.5,17537.1,21831.3,13967.6,12246.6,14150.7,11829.5,14429.9,14202,20950.4,11385.2,5003.7,10716.3,8471,6049.1,2603.5,2258.4,1573,880.7
    Japan,80278,75445,124998.7,86206.7,141942.6,na,na,na,na,na,na,na,na,na,na,na,-,-,-,-,-,-,-,-
    Republic Of Korea,70232.8,71540.2,61868.9,59966.8,56053,41535.7,31856.3,25985.7,17298.1,19045.4,29299.8,24319.2,29701.5,32523.8,23398.4,32093.8,22495.7,23870.2,13848.5,10841.5,8343.7,8869.4,6245.8,4921.6
    Malaysia,24031,23279.2,20700.1,19013.1,17331.3,16675.8,14675.3,15446.4,16713.5,16710.2,22502.8,32923.4,24470.2,12082.6,9901.9,8527.7,8028.1,15626.1,8896.5,9710.4,11580.6,6934.9,5380.7,4034.6
    Myanmar,na,na,na,na,na,na,-,-,-,-,-,-,-,-,-,-,-,-,-,-,-,-,-,-
    Philippines,3148.7,2743.7,2273.4,2808.4,5414.9,na,5959.3,4727.7,4529.3,3467.2,5349.6,9164.6,4095.2,3950.4,3289.7,2488,1940,2111.8,1835.1,1120.3,1079.9,1280.5,1630.3,1766.4
    Taiwan,na,1254.8,na,na,1268,870.8,34.8,91.9,264.6,535.7,4467.2,5739.9,5557.9,3340.1,7790.1,4424.7,1864.6,926.2,903,1112.9,2309.3,1018.2,1890.1,797.9
    Thailand,5672.5,5027.2,6586.8,4945.2,4864.5,3885.1,6797.6,7925.7,3760.6,3396.5,3570.6,4234.1,7970.2,4857,5932.1,2689.8,1484.4,2370.9,2185.2,2096.3,1326.8,1653.7,1310.2,1644.1
    Viet Nam,na,na,na,na,na,na,na,na,266.5,300,735.5,401.1,195.2,124.4,179.4,238.3,1023.1,1369.8,149.8,55.4,-,-,-,-
  Europe,147667.9,137380,122592.9,140114.2,152464.5,151627.7,146192,148132.2,136365.7,119499.6,122093.2,117212.5,98912,73197.5,122898.1,135165.5,104681.2,140470.4,139351.1,112959.9,112138,108915.9,80563.9,60716
    Germany,na,na,na,na,31142.4,na,na,28781.3,26084.4,25285.9,25033.5,23973.2,19536.4,9894.8,25401.1,18227.5,15086.4,22482.7,21703.9,17202.6,12474,14383.3,16397.6,11211.5
    Ireland,2282,1648.5,na,2181.2,na,na,1800.7,2305.9,1603.7,1505.9,1261.5,612,411.6,884.3,1561.3,2394.4,3445.4,4379.6,3653.8,2709.9,2833.4,3283.2,2345.1,1643.7
    Luxembourg,5566.2,4974.6,3831.8,4119.2,6987.2,5320.8,12364.6,13657.2,14929.4,12425.6,8628.4,14650.9,12884.1,3222.8,8207.2,1443.1,1216.7,1308.6,5686.7,5663.3,4828.9,5477,4250.8,1286.8
    Netherlands,9296.5,8988.2,7762.9,9828.2,11148.3,11054.4,10142.6,10573.6,9973.8,na,na,na,na,na,na,na,na,na,na,na,na,na,na,na
    Spain,3077.1,na,na,na,na,na,na,1789.7,1831.5,na,na,na,na,na,na,na,na,na,na,na,na,na,na,na
    Switzerland,5995.5,5682.8,5172.4,3500.6,na,3870.9,na,3461.2,3043.6,na,na,na,na,na,na,na,na,na,na,na,na,na,na,na
    United Kingdom,34965.7,31068,24553.4,32428.1,35008.7,30359.7,25405.4,28281,27871.1,22795.3,29057.1,23624.8,28996.9,28017.8,48739.7,63957.1,51540.5,63400.2,62345.6,50420.8,44710.3,38029.1,29030.2,24974.5
  North America,482106.6,398267.2,373826.6,378164.1,339157.8,318944,283308,272896.2,281920.3,261405.9,192011,147957.4,114542.9,106221.9,77630.2,66248,54234.9,74960.7,57737.6,56812.9,65163.3,62516.2,39707.7,31347.7
    Canada,19421.5,18967.4,13913.3,15665.3,19639.8,15843.4,12594,15537.5,15144.4,12446.1,6669.3,4547.6,3817.6,3211.5,1951.5,1669.4,1796.4,2604.8,2678.6,2690.6,2434.8,3861.2,3272.7,3053.8
    United States Of America,462684.1,379297.2,359910.7,362494.6,319517.8,303100.5,270714,257358.7,266773.9,248959.9,185341.6,143409.8,110725.3,103010.4,75678.8,64578.6,52417.6,72350.2,55059,54122.3,62701.2,58626.8,36432.2,28293.9
  Oceania,43381.2,41860.8,32513.7,27535.5,30771.5,26072.5,22550.5,25797.5,26304.6,21149,22819.1,21697.6,21688.5,23535.6,22957.5,29571.2,25882.2,33655.4,28100.2,23776.5,18607.3,15517.7,14232.8,12562.4
    Australia,39652.4,36682.2,29034.2,25971.4,29589.4,24331.5,21835,25301.1,25413,20222.9,21838.7,21063.3,19764.6,20740,21736.5,28233.6,25131.4,32985.9,26920.3,22890.8,18055.5,14308.7,11874,10402.8
    New Zealand,3606.1,5165.2,na,na,1109.6,1678,na,na,na,849.3,901.1,576.8,na,2769.7,1198.6,1337.6,733.1,644.7,1175.9,871.9,551.8,1205.7,2332.9,2133.4
  South And Central America And The Caribbean,63974.8,42286.3,44598.2,50979.3,49518.8,45452.9,43470.9,38821.3,29601.9,25961.1,22455.4,16960.3,15080.5,29807.4,9054.1,7923.9,8238.7,9929.4,9156.4,8840.6,7452.1,5631,3755,5735.2
    Bermuda,na,na,864.4,937.9,na,na,1520.4,na,1279,999,1032.8,1063.6,690.5,380.9,619.9,119.3,185.2,289.1,198.1,195.6,333.9,193,169,261.8
    British Virgin Islands,19678.6,9128.5,10840.7,16563.8,20962.9,17919,21090.6,16917.4,11212.6,9449.5,6164.1,3818.3,1993.8,na,852.7,559.7,575,634.1,596.2,604.4,572.1,398.8,477.4,366.2
    Cayman Islands,22629.9,14737.4,13978.5,17323.6,20213.4,19650.3,16759.8,15455.3,12489.1,10531.3,10022.8,5892.3,6195.9,4328.9,5560.8,5814.8,6310.1,7173.9,7220.3,6947.9,5409.1,4493.4,2463.3,3908.6
  Africa,2235,2652.3,2611.3,2692.3,1461.8,1144,1649.1,3692,3615.4,na,na,851.2,na,2416.3,576.3,na,na,1061.3,771.8,581.2,274.6,804.3,1083.5,592.5
    Mauritius,553.5,570,509.4,na,na,na,na,na,na,na,275.7,350.7,250.2,281.5,0.9,na,390.2,311.4,237.3,19.7,48.5,18.9,32,29.4
  ASEAN,60255.5,54864.9,44161.1,43570.7,49738.2,48116.9,45043.6,50175.2,39237.4,36121.8,46310,58559.8,51173,35216.4,40386.6,25334.1,17508.5,32343.4,21643.9,19056.8,16614.1,12174.9,9901.7,8343.4
  European Union (EU-27),93412.4,88449.3,82169.4,92596.3,103688,108372.6,111363,110615.7,101264.1,92310.5,87103.6,88664.7,66046.4,46631.6,69205.6,66837,49963.6,71966.9,71088.6,58640,63936.4,67164.3,43744.5,32273.6
"Singapore's Portfolio Investment Assets - Short-Term Debt Securities (Instrument)",114481.4,95349.6,80856.5,91875,97345.1,108690.1,103144.3,113845.6,95392,113862,153479.9,150484.4,101009.8,80044.7,68301.9,53984.5,54860.8,72774.4,67331.3,54426.2,52602.6,42334.7,33262,32361.8
  Asia,52287.3,44623.2,45794.2,40880.1,49071.4,69583.4,53917.8,73123.5,41086.5,44874.3,102477.8,112492.3,67783.5,48646.3,22683.9,12075.4,8016.2,11758.5,7229.7,8322.9,8475.6,4555.1,1368.5,4734.4
    Mainland China,13466,12616.7,8671,10536.1,13915.7,14133.7,15316.2,20463,9375.2,11033,21816.3,10933.7,1282.7,272,157.7,14.4,188.2,16.6,53.8,17.7,68,95.6,38.6,48.7
    Hong Kong,2314.2,1135.3,2026.5,2197.9,2211.9,3605.4,2928.4,5296.5,2443,4549.1,10049,19603,6344.9,2270.2,1754.8,43.3,172.9,168.9,197.4,109,219.6,267.1,88.3,509.2
    India,3127.2,1946.5,2131.1,3868.1,942.2,3986.8,2775,812.1,1005.4,2819.6,16576.8,20866.6,18035.8,11751.9,2235.2,695.4,2291.6,548.7,472.3,130.5,661,457.6,117.8,9.3
    Indonesia,3740.5,4513.3,1817.4,2304.3,1920.7,4371.1,2504.9,5497.5,2373.4,1359.3,3656.8,3668.2,2019.6,3916.7,4344.6,1245.2,153.8,2031.6,2296.3,2475.4,1348,251.4,72.1,187.6
    Japan,16608.7,13900.5,18046.9,12552.5,19497.9,31142.9,15077.3,19990.1,17480.6,na,na,na,na,na,na,na,-,-,-,-,-,-,-,-
    Republic Of Korea,8299.5,7385.1,8579.1,5819.7,6676.1,7900.3,5468.9,10693.2,2293.1,2858.3,14804.9,6212.6,8382.8,9993.3,3507.5,2837.4,2936.4,1758.1,654.9,629,402.2,379.3,253.4,287.1
    Malaysia,1933.3,1549.2,1736,1587,1659.8,2166.6,3774.8,3945.6,3033.6,2982.8,11035.2,19956.3,12779.2,2482.1,535.4,294.5,1620.8,6649.2,2118.8,2892.4,4299.4,2097.5,285.4,119.6
    Myanmar,na,-,-,na,-,-,-,-,-,-,-,-,-,-,-,-,-,-,-,-,-,-,-,-
    Philippines,292.3,262.4,71,76.9,1059.5,na,2174.9,1497.9,1213,214.6,2043,6370.7,2130.7,1670.3,440.7,29.5,133.5,168.4,73.7,21.6,59,83.5,79.4,103.5
    Taiwan,na,-,na,na,-,-,-,-,112.1,183.6,2087.5,2564.4,1944.8,170.6,502.8,179.9,10.8,23.7,2,21.6,128.4,57.9,73.5,46.1
    Thailand,1585.5,554.9,2121.7,912.1,550,214.7,3069.9,4602.8,266.2,413.8,320.1,886.4,3752.7,1680,493.4,375.2,37.7,35.5,52.7,135,195.7,476.8,115.8,192.2
    Viet Nam,na,na,na,na,na,na,-,-,3.3,88.2,483.7,80.6,3.6,-,-,47.9,306.1,16.5,-,-,-,-,-,-
  Europe,6157.4,9023.4,3704.9,3580.1,3363.3,3224.8,5235.4,10488.8,11736.1,13661.8,14977.3,14700,14799.6,16486.8,35983.4,33794.3,40621.3,53540.6,52470.7,40334.9,35953.4,30651.9,25952.1,20742
    Germany,468.5,70.9,172.5,969.3,706.1,na,na,2060.3,1056.2,2302,1319.2,3331,1547.8,4823,1087.6,597.3,195.2,1825.6,1200.8,696.4,421.3,594.8,2287.3,792
    Ireland,132.7,108.7,na,108.2,na,na,11.5,146.7,236.2,338.4,170.4,107.3,28,29.8,15.5,23.5,467.8,1116.6,781.2,199.2,581.8,256.3,217.5,4.1
    Luxembourg,737.1,901.3,731.1,71.5,1027.2,1332.9,1924.2,3268.4,695.7,1450.9,1020,5754.4,4819.2,1311.5,560.6,83.3,175.3,194.3,515.5,85.1,314.1,296.5,757.3,126.6
    Netherlands,695.7,1392.4,113.2,112.2,291.4,365.5,155.7,611.2,1768.6,na,na,na,na,na,na,na,na,na,na,na,na,na,na,na
    Spain,263.6,na,na,na,na,na,na,318.8,338,na,na,na,na,na,na,na,na,na,na,na,na,na,na,na
    Switzerland,602.2,568.1,707.3,83.4,na,98,na,593.7,847.9,na,na,na,na,na,na,na,na,na,na,na,na,na,na,na
    United Kingdom,2224.6,2866.2,769.8,1674.2,424.4,695.7,423.7,973.1,2277.8,3078.9,5360,1210.2,706,2756.9,27527.2,29642,35134.9,44584.5,45875.6,35710.1,32236.9,26813.8,21398.4,18141.1
  North America,41618.2,33545.3,26564.9,40072.2,36882.1,28660.3,37701.8,25235.9,36231.3,50646.7,24150.8,12549.9,12799.6,9685.1,7628.2,7036.8,2717.9,3455.8,2794.7,2582.3,5093.8,3235.6,1751.9,1481.8
    Canada,2117.1,2024.2,945.3,1734.1,1516.6,1556.4,493.3,1066.9,2224.6,2079.3,831.2,1030.6,1208.9,453.9,79.5,64.1,235.2,121.7,127.4,374.4,18.3,71.2,429,200.8
    United States Of America,39500.2,31518.6,25616.9,38333.8,35365.5,27103.9,37208.5,24169,34006.8,48567.4,23319.6,11519.4,11590.7,9231.2,7548.7,6972.7,2482.8,3334.1,2667.3,2207.9,5073,3161.9,1320.2,1281
  Oceania,4549.6,4802.6,1679.6,2965.4,2829.8,2504.2,1307.8,1572.3,3537.7,1641.7,7853.9,9101.2,4952.9,4759,1564.3,810.5,3124.4,3691.6,4618.8,3086.1,2851.2,3687.1,3998.4,3918.4
    Australia,3996.5,3719.8,1630.2,2911.7,2796.7,2447.4,1306.2,1563.8,3536.3,1619.8,7706.6,9095.2,4941.6,4729.2,1529.1,699.5,3105.7,3607.4,4400.4,2810.7,2780.5,2928.6,2406,2467.9
    New Zealand,553.1,1082.8,na,na,33.2,56.9,na,na,na,17.1,142.6,1.3,na,27.2,35.3,111,18.7,84.3,218.4,275.4,70.7,755.3,1592.3,1450.5
  South And Central America And The Caribbean,7380.2,2798.3,2744,3651.5,4627.1,4389,3459.1,2687.2,2762,2873,4012.6,1633.6,560.9,317.7,408.4,148.1,261.6,278.8,174.1,71.5,201.4,134.5,164.9,1485.1
    Bermuda,na,na,15,7.5,na,na,37.8,na,87.6,4.9,20.2,247.2,53.5,16.1,10.5,-,1.2,2.3,38.2,7.7,7.7,-,-,-
    British Virgin Islands,3175.2,811.9,793.9,1980.1,2248.3,1253.2,1746.5,1118.1,966.9,1635.4,924.4,737.1,29.9,na,29.2,27,1.9,0.9,3.2,2.9,16.1,-,10.5,-
    Cayman Islands,4106.1,1832.1,1911.6,1620.9,2315.5,3126.5,1559.9,1515.5,1580.1,565.7,2303.4,278.8,352.6,45.2,366.7,119.4,240.3,103.4,122.9,60.5,163.9,107.7,90.9,1468.6
  Africa,99.5,254.4,6.3,224,16.9,43.8,97.3,433.1,15.9,na,na,2.4,na,85.3,-,na,na,41.1,38.7,1.8,10.9,13.8,2.2,-
    Mauritius,19.1,35.9,5.9,na,na,na,na,na,na,na,-,-,-,-,-,na,-,-,4.2,1.8,10.9,8.5,2.2,-
  ASEAN,7602.9,6908.1,5772.7,4908.4,5216.5,7737.7,11524.5,15543.8,6889.5,5058.7,17538.9,30962.2,20685.6,9749.2,5819.9,1997.3,2251.9,8901.3,4546.8,5526.4,5902.2,2909.9,552.7,602.9
  European Union (EU-27),3197.9,5539,2072.3,1790.4,2893.5,2426.4,4610.1,8678,8432.5,10029.6,7536.8,12373,13928.1,12740.7,6197,4090.9,5119.9,8518.3,5681.5,4260.8,3507.1,3642.6,4479.6,2568.1
"Singapore's Portfolio Investment Assets - Long-Term Debt Securities (Instrument)",1012895.4,903837.1,883563.4,878738.4,902649,854147.8,738696,702399.1,642879.4,562768.2,474194.2,411395.8,358894.4,314906.6,308774.6,306216.8,218412.1,287627.6,238955.7,202639.9,193831.3,184044.1,136719.4,113253.7
  Asia,308782.6,304033.3,318680.7,310407.2,367074.7,334754,282176.3,248571.2,206296.7,185574.2,153995.4,137195.7,133167.5,102814.6,115075.8,101170.7,65169,84250.5,59952.8,43275.2,31876.1,26266.6,27650.8,28424.7
    Mainland China,77188.5,79793.8,70234.6,87782.7,92136.4,53532.4,28553.6,32079.3,22898.6,20880.4,18723.6,10094.6,3988,4488,1781.5,2628.6,2292.5,1797.9,1613,1777.8,1081.9,1068.1,930.1,989.8
    Hong Kong,16291.5,16288.4,18832.6,19408.7,20835.5,17826.9,16292.3,14643.5,13490.2,13537.5,13897.3,11435.7,7454.9,7083.7,6718.2,6699.4,6332.9,6946.6,6096.3,5463,3645.2,3976,3160.7,2608.8
    India,25840.5,22687.6,20652,25430.6,28124.6,26377.1,27439.8,29027,16764.5,25478.6,23446.6,10524.9,24022.1,14986,16458.3,9997.1,5933,6271.2,3040.9,1960.2,1627.4,596,439.2,697.4
    Indonesia,23127.4,18771.6,12333.6,14262.3,19990.7,19317.4,15032.2,16333.8,11594.3,10887.3,10493.9,8161.3,12410.4,10285.2,16605.8,10140,4850,8684.6,6174.7,3573.7,1255.4,2007,1500.9,693.1
    Japan,63669.3,61544.4,106951.7,73654.2,122444.8,na,na,na,na,na,na,na,na,na,na,na,-,-,-,-,-,-,-,-
    Republic Of Korea,61933.3,64155.1,53289.9,54147.2,49376.8,33635.4,26387.4,15292.4,15005,16187.1,14494.9,18106.5,21318.7,22530.5,19890.9,29256.4,19559.3,22112.1,13193.5,10212.6,7941.5,8490.1,5992.4,4634.5
    Malaysia,22097.8,21730,18964.1,17426.1,15671.5,14509.2,10900.5,11500.8,13679.9,13727.5,11467.6,12967,11691.1,9600.5,9366.5,8233.3,6407.2,8976.9,6777.6,6818,7281.2,4837.4,5095.3,3915
    Myanmar,-,na,na,na,na,na,-,-,-,-,-,-,-,-,-,-,-,-,-,-,-,-,-,-
    Philippines,2856.4,2481.3,2202.3,2731.5,4355.4,2744.5,3784.3,3229.8,3316.3,3252.6,3306.6,2793.9,1964.6,2280.1,2849,2458.5,1806.5,1943.3,1761.4,1098.7,1020.9,1197,1550.9,1662.9
    Taiwan,1369.2,1254.8,1133.8,1467.3,1268,870.8,34.8,91.9,152.5,352.2,2379.7,3175.5,3613.2,3169.5,7287.3,4244.8,1853.9,902.4,901,1091.3,2180.9,960.3,1816.6,751.8
    Thailand,4087,4472.3,4465.1,4033.1,4314.5,3670.4,3727.7,3322.9,3494.3,2982.7,3250.5,3347.7,4217.5,3177,5438.7,2314.6,1446.8,2335.4,2132.5,1961.3,1131,1176.9,1194.4,1451.9
    Viet Nam,476.4,494.4,423.3,207.4,180.3,122.4,na,na,263.1,211.8,251.8,320.5,191.6,124.4,179.4,190.5,717,1353.3,149.8,55.4,-,-,-,-
  Europe,141510.5,128356.6,118888,136534.1,149101.2,148402.9,140956.6,137643.4,124629.7,105837.8,107115.9,102512.6,84112.4,56710.7,86914.6,101371.2,64059.9,86929.8,86880.4,72625,76184.7,78264,54611.7,39973.9
    Germany,na,na,na,na,30436.3,28318.6,31773,26721,25028.2,22984,23714.3,20642.2,17988.6,5071.8,24313.5,17630.2,14891.2,20657.1,20503.2,16506.2,12052.7,13788.5,14110.4,10419.5
    Ireland,2149.3,1539.8,1801.4,2073.1,2634.7,1915.5,1789.2,2159.2,1367.5,1167.5,1091.1,504.7,383.6,854.4,1545.9,2370.9,2977.5,3263,2872.5,2510.7,2251.6,3026.9,2127.6,1639.6
    Luxembourg,4829.1,4073.3,3100.7,4047.7,5960,3987.9,10440.4,10388.7,14233.7,10974.7,7608.4,8896.5,8065,1911.3,7646.6,1359.8,1041.4,1114.3,5171.2,5578.2,4514.9,5180.6,3493.5,1160.1
    Netherlands,8600.8,7595.8,7649.7,9716,10856.9,10688.9,9987,9962.5,8205.2,na,na,na,na,na,na,na,na,na,na,na,na,na,na,na
    Spain,2813.5,2298,1383.3,1203.4,1640.3,na,1134,1471,1493.5,na,na,na,na,na,na,na,na,na,na,na,na,na,na,na
    Switzerland,5393.3,5114.7,4465.1,3417.3,4577,3772.9,2996.3,2867.5,2195.7,na,na,na,na,na,na,na,na,na,na,na,na,na,na,na
    United Kingdom,32741.1,28201.9,23783.6,30753.9,34584.3,29664,24981.6,27307.9,25593.4,19716.4,23697.2,22414.6,28290.9,25260.9,21212.5,34315.1,16405.6,18815.7,16470,14710.7,12473.4,11215.2,7631.8,6833.5
  North America,440488.4,364721.9,347261.7,338092,302275.7,290283.7,245606.2,247660.3,245688.9,210759.3,167860.2,135407.4,101743.3,96536.7,70002,59211.2,51517,71505,54942.9,54230.6,60069.5,59280.6,37955.7,29865.8
    Canada,17304.4,16943.2,12967.9,13931.2,18123.2,14287,12100.7,14470.6,12919.8,10366.7,5838.2,3517,2608.7,2757.6,1871.9,1605.3,1561.3,2483.1,2551.3,2316.2,2416.5,3790,2843.8,2852.9
    United States Of America,423184,347778.7,334293.8,324160.8,284152.3,275996.7,233505.5,233189.7,232767.1,200392.5,162022,131890.4,99134.6,93779.1,68130.1,57605.9,49934.9,69016.2,52391.6,51914.4,57628.2,55464.8,35112,27012.9
  Oceania,38831.5,37058.2,30834,24570.1,27941.6,23568.2,21242.7,24225.2,22766.9,19507.3,14965.1,12596.4,16735.6,18776.6,21393.1,28760.7,22757.8,29963.8,23481.4,20690.4,15756.1,11830.6,10234.4,8644
    Australia,35655.9,32962.4,27404,23059.7,26792.7,21884.2,20528.8,23737.2,21876.7,18603.1,14132.1,11968.1,14823,16010.8,20207.5,27534.1,22025.7,29378.6,22519.9,20080.1,15275,11380.1,9468,7934.9
    New Zealand,3053,4082.4,3413.6,1476.1,1076.5,1621.1,na,na,847.6,832.2,758.5,575.5,1886,2742.5,1163.4,1226.6,714.4,560.5,957.5,596.5,481.1,450.4,740.6,683
  South And Central America And The Caribbean,56594.5,39488.1,41854.1,47327.8,44891.6,41063.9,40011.8,36134.2,26840,23088.1,18442.8,15326.7,14519.6,29489.8,8645.7,7775.8,7977.1,9650.7,8982.4,8769.2,7250.7,5496.6,3590.2,4250.1
    Bermuda,867.8,824.1,849.4,930.4,852.4,1247.9,1482.6,1261.1,1191.3,994.2,1012.6,816.4,637,364.8,609.4,119.3,184.1,286.8,159.9,188,326.2,193,169,261.8
    British Virgin Islands,16503.4,8316.6,10046.9,14583.7,18714.6,16665.8,19344.1,15799.3,10245.8,7814.1,5239.7,3081.1,1963.9,1563,823.5,532.7,573.1,633.2,593,601.4,556,398.8,467,366.2
    Cayman Islands,18523.7,12905.4,12066.9,15702.7,17897.9,16523.9,15199.9,13939.8,10909,9965.5,7719.4,5613.5,5843.3,4283.7,5194.1,5695.4,6069.8,7070.4,7097.4,6887.3,5245.2,4385.7,2372.3,2440
  Africa,2135.6,2397.9,2604.9,2468.3,1444.9,1100.2,1551.8,3259,3599.5,3195.7,855,848.8,1319.8,2331,576.3,708.7,762.8,1020.3,733.1,579.3,263.7,790.5,1081.2,592.5
    Mauritius,534.4,534.1,503.5,284,166.7,193.1,238,2360.3,2396.7,2579.2,275.7,350.6,250.2,281.5,0.9,437.4,390.2,311.4,233.1,17.8,37.6,10.4,29.8,29.4
  ASEAN,52652.7,47956.9,38388.5,38662.4,44521.7,40379.1,33519.1,34631.4,32347.9,31063.1,28771.1,27597.5,30487.4,25467.2,34566.7,23336.8,15256.6,23442.1,17097.1,13530.4,10711.9,9265.1,9349,7740.5
  European Union (EU-27),90214.4,82910.4,80097.1,90805.9,100794.5,105946.2,106752.9,101937.7,92831.7,82280.9,79566.6,76291.7,52118.4,33890.9,63008.6,62746.1,44843.7,63448.6,65407.1,54379.2,60429.3,63521.7,39264.9,29705.4
,,,,,,,,,,,,,,,,,,,,,,,,
Definitions and Footnotes:,,,,,,,,,,,,,,,,,,,,,,,,
"For more information on international investment position methodologies, please visit Singstat website (www.singstat.gov.sg/find-data/search-by-theme/economy/international-investment-position/publications-and-methodology) to view and download related publications.",,,,,,,,,,,,,,,,,,,,,,,,
,,,,,,,,,,,,,,,,,,,,,,,,
Portfolio Investment:,,,,,,,,,,,,,,,,,,,,,,,,
"Portfolio investment refers to cross-border investments by an investor in one economy into an enterprise that is resident in another economy with a lesser degree of influence than that of a direct investment relationship. Portfolio investment takes the form of either equity and investment fund shares or debt securities investment and is often associated with, but not limited to, trading of securities on organised or other financial markets.",,,,,,,,,,,,,,,,,,,,,,,,
,,,,,,,,,,,,,,,,,,,,,,,,
Notation:,,,,,,,,,,,,,,,,,,,,,,,,
na   not available or not applicable,,,,,,,,,,,,,,,,,,,,,,,,
nec  not elsewhere classified,,,,,,,,,,,,,,,,,,,,,,,,
nes  not elsewhere specified,,,,,,,,,,,,,,,,,,,,,,,,
 -     nil or negligible or not significant,,,,,,,,,,,,,,,,,,,,,,,,
Notes,,,,,,,,,,,,,,,,,,,,,,,,
Numbers may not add up to the totals due to rounding.,,,,,,,,,,,,,,,,,,,,,,,,
"Data are the latest available at the time of access or download. Some statistics, particularly those for the most recent time periods, are provisional and may be subject to revision at a later date.",,,,,,,,,,,,,,,,,,,,,,,,
Values are shown in Singapore dollars (unless otherwise specified).,,,,,,,,,,,,,,,,,,,,,,,,
,,,,,,,,,,,,,,,,,,,,,,,,
Generated by: SingStat Table Builder,,,,,,,,,,,,,,,,,,,,,,,,
Date generated: 20/07/2025,,,,,,,,,,,,,,,,,,,,,,,,
Contact: info@singstat.gov.sg,,,,,,,,,,,,,,,,,,,,,,,,